"id","codigo_matricula","nombres","apellidos","email_institucional","escuela_id","situacion_academica","anio_ingreso","created_at"
"1","20230001","Lucia Cristina","Chavez Cornejo",,"1","REGULAR","2023","8/12/2025 21,56,46"
"2","20240002","Sofia Cristina","Torres Nieto",,"5","REGULAR","2024","8/12/2025 21,56,46"
"3","20200003","Victoria Alberto","Sanchez Leon",,"1","REGULAR","2020","8/12/2025 21,56,46"
"4","20200004","Miguel Eduardo","Romero Carrasco",,"9","REGULAR","2020","8/12/2025 21,56,46"
"5","20220005","Juan Rosa","Torres Lozano",,"4","REGULAR","2022","8/12/2025 21,56,46"
"6","20230006","Camila Eduardo","Romero De la Cruz",,"8","REGULAR","2023","8/12/2025 21,56,46"
"7","20240007","Fernanda Roberto","Flores Montoya",,"2","REGULAR","2024","8/12/2025 21,56,46"
"8","20230008","Gabriela Laura","Herrera Cordova",,"9","REGULAR","2023","8/12/2025 21,56,46"
"9","20220009","Diego Laura","Vargas Velarde",,"7","REGULAR","2022","8/12/2025 21,56,46"
"10","20210010","Matias Rosa","Herrera Palacios",,"1","REGULAR","2021","8/12/2025 21,56,46"
"11","20230011","Elena Cristina","Navarro Campos",,"6","REGULAR","2023","8/12/2025 21,56,46"
"12","20240012","Matias Cristina","Mendoza Cardenas",,"10","REGULAR","2024","8/12/2025 21,56,46"
"13","20210013","Luis Alberto","Perez Cornejo",,"9","REGULAR","2021","8/12/2025 21,56,46"
"14","20240014","Valentina Isabel","Torres Paredes",,"5","REGULAR","2024","8/12/2025 21,56,46"
"15","20210015","Gabriela Sara","Ruiz Vega",,"2","REGULAR","2021","8/12/2025 21,56,46"
"16","20210016","Sofia Beatriz","Mamani Carrasco",,"2","REGULAR","2021","8/12/2025 21,56,46"
"17","20210017","Ana Eduardo","Perez Carrasco",,"7","REGULAR","2021","8/12/2025 21,56,46"
"18","20200018","Miguel Eduardo","Navarro Bustamante",,"6","REGULAR","2020","8/12/2025 21,56,46"
"19","20230019","Juan Antonio","Mendoza Leon",,"4","REGULAR","2023","8/12/2025 21,56,46"
"20","20240020","Carlos Javier","Espinoza Mora",,"5","REGULAR","2024","8/12/2025 21,56,46"
"21","20240021","Pedro Marta","Flores Paredes",,"10","REGULAR","2024","8/12/2025 21,56,46"
"22","20210022","Pedro Marta","Cabrera Cordova",,"2","REGULAR","2021","8/12/2025 21,56,46"
"23","20240023","Diego Cristina","Fernandez Arroyo",,"10","REGULAR","2024","8/12/2025 21,56,46"
"24","20230024","Diego Marta","Romero Salas",,"3","REGULAR","2023","8/12/2025 21,56,46"
"25","20210025","David Isabel","Ruiz Cruz",,"2","REGULAR","2021","8/12/2025 21,56,46"
"26","20210026","Carlos Beatriz","Garcia Salazar",,"3","REGULAR","2021","8/12/2025 21,56,46"
"27","20230027","Daniela Rosa","Perez Ochoa",,"3","REGULAR","2023","8/12/2025 21,56,46"
"28","20220028","Jesus Antonio","Mamani Cordova",,"6","REGULAR","2022","8/12/2025 21,56,46"
"29","20240029","Daniela Adrian","Herrera Cornejo",,"5","REGULAR","2024","8/12/2025 21,56,46"
"30","20220030","Elena Manuel","Flores Mora",,"7","REGULAR","2022","8/12/2025 21,56,46"
"31","20210031","Matias Javier","Gutierrez Hidalgo",,"8","REGULAR","2021","8/12/2025 21,56,46"
"32","20210032","Victoria Roberto","Perez Velarde",,"10","REGULAR","2021","8/12/2025 21,56,46"
"33","20220033","Maria Javier","Cabrera Figueroa",,"4","REGULAR","2022","8/12/2025 21,56,46"
"34","20230034","David Roberto","Herrera Miranda",,"7","REGULAR","2023","8/12/2025 21,56,46"
"35","20200035","Miguel Alberto","Soto Palacios",,"4","REGULAR","2020","8/12/2025 21,56,46"
"36","20230036","Sofia Isabel","Romero Salazar",,"10","REGULAR","2023","8/12/2025 21,56,46"
"37","20210037","Maria Carmen","Gomez Salas",,"7","REGULAR","2021","8/12/2025 21,56,46"
"38","20210038","Victoria Eduardo","Rodriguez Fuentes",,"6","REGULAR","2021","8/12/2025 21,56,46"
"39","20230039","Luis Carmen","Espinoza Vega",,"5","REGULAR","2023","8/12/2025 21,56,46"
"40","20240040","Elena Ricardo","Fernandez Vega",,"6","REGULAR","2024","8/12/2025 21,56,46"
"41","20230041","Gabriel Ricardo","Navarro Fuentes",,"1","REGULAR","2023","8/12/2025 21,56,46"
"42","20220042","Lucas Antonio","Gomez Miranda",,"3","REGULAR","2022","8/12/2025 21,56,46"
"43","20220043","Maria Patricia","Torres Fuentes",,"6","REGULAR","2022","8/12/2025 21,56,46"
"44","20210044","Sebastian Ricardo","Ramos Palacios",,"3","REGULAR","2021","8/12/2025 21,56,46"
"45","20200045","Andrea Marta","Romero Cardenas",,"2","REGULAR","2020","8/12/2025 21,56,46"
"46","20240046","David Alberto","Castillo Valdivia",,"8","REGULAR","2024","8/12/2025 21,56,46"
"47","20210047","Maria Antonio","Gutierrez Ochoa",,"10","REGULAR","2021","8/12/2025 21,56,46"
"48","20200048","Matias Isabel","Lopez Lozano",,"5","REGULAR","2020","8/12/2025 21,56,46"
"49","20200049","Jorge Antonio","Perez Nieto",,"1","REGULAR","2020","8/12/2025 21,56,46"
"50","20230050","Gabriela Francisco","Rojas Lozano",,"8","REGULAR","2023","8/12/2025 21,56,46"
"51","20230051","Lucia Antonio","Herrera Leon",,"8","REGULAR","2023","8/12/2025 21,56,46"
"52","20230052","Ana Sara","Garcia Leon",,"8","REGULAR","2023","8/12/2025 21,56,46"
"53","20220053","Luis Ricardo","Sanchez Montoya",,"10","REGULAR","2022","8/12/2025 21,56,46"
"54","20240054","Juan Sara","Vargas Hidalgo",,"8","REGULAR","2024","8/12/2025 21,56,46"
"55","20230055","Luis Beatriz","Diaz Vilchez",,"10","REGULAR","2023","8/12/2025 21,56,46"
"56","20240056","Luis Alberto","Perez Bustamante",,"6","REGULAR","2024","8/12/2025 21,56,46"
"57","20200057","Jose Manuel","Lopez Arroyo",,"5","REGULAR","2020","8/12/2025 21,56,46"
"58","20200058","Fernanda Cristina","Chavez Bustamante",,"1","REGULAR","2020","8/12/2025 21,56,46"
"59","20210059","Lucas Isabel","Huaman Cornejo",,"5","REGULAR","2021","8/12/2025 21,56,46"
"60","20200060","Ana Javier","Gomez Caceres",,"8","REGULAR","2020","8/12/2025 21,56,46"
"61","20230061","Sofia Alberto","Ramos Montoya",,"2","REGULAR","2023","8/12/2025 21,56,46"
"62","20210062","Luis Adrian","Mamani Campos",,"8","REGULAR","2021","8/12/2025 21,56,46"
"63","20230063","Andrea Javier","Herrera Campos",,"7","REGULAR","2023","8/12/2025 21,56,46"
"64","20210064","Fernanda Sara","Cabrera Carrasco",,"5","REGULAR","2021","8/12/2025 21,56,46"
"65","20200065","Miguel Alberto","Fernandez Cruz",,"1","REGULAR","2020","8/12/2025 21,56,46"
"66","20200066","Jorge Javier","Chavez Nieto",,"3","REGULAR","2020","8/12/2025 21,56,46"
"67","20210067","Jorge Fernando","Garcia Nieto",,"1","REGULAR","2021","8/12/2025 21,56,46"
"68","20200068","Jose Beatriz","Ruiz Bravo",,"3","REGULAR","2020","8/12/2025 21,56,46"
"69","20210069","Paula Alberto","Fernandez Cruz",,"1","REGULAR","2021","8/12/2025 21,56,46"
"70","20200070","Maria Eduardo","Rodriguez Vega",,"5","REGULAR","2020","8/12/2025 21,56,46"
"71","20230071","Victoria Carmen","Soto Cornejo",,"7","REGULAR","2023","8/12/2025 21,56,46"
"72","20210072","Sofia Manuel","Huaman Caceres",,"4","REGULAR","2021","8/12/2025 21,56,46"
"73","20230073","Diego Lorena","Lopez Cornejo",,"7","REGULAR","2023","8/12/2025 21,56,46"
"74","20200074","Elena Javier","Quispe Palacios",,"7","REGULAR","2020","8/12/2025 21,56,46"
"75","20220075","Sofia Roberto","Rodriguez Velarde",,"7","REGULAR","2022","8/12/2025 21,56,46"
"76","20200076","Pedro Patricia","Gutierrez Lozano",,"10","REGULAR","2020","8/12/2025 21,56,46"
"77","20210077","Sebastian Javier","Garcia Arroyo",,"10","REGULAR","2021","8/12/2025 21,56,46"
"78","20210078","Camila Ricardo","Vasquez Salas",,"3","REGULAR","2021","8/12/2025 21,56,46"
"79","20200079","Pedro Ricardo","Fernandez Fuentes",,"8","REGULAR","2020","8/12/2025 21,56,47"
"80","20240080","Jorge Eduardo","Vasquez Cordova",,"3","REGULAR","2024","8/12/2025 21,56,47"
"81","20220081","Sofia Ricardo","Garcia Salas",,"1","REGULAR","2022","8/12/2025 21,56,47"
"82","20200082","Camila Laura","Soto Cordova",,"3","REGULAR","2020","8/12/2025 21,56,47"
"83","20210083","Camila Antonio","Vasquez Fuentes",,"9","REGULAR","2021","8/12/2025 21,56,47"
"84","20230084","Gabriel Javier","Castillo Aguilar",,"2","REGULAR","2023","8/12/2025 21,56,47"
"85","20200085","Elena Antonio","Huaman Mora",,"2","REGULAR","2020","8/12/2025 21,56,47"
"86","20220086","Carlos Fernando","Aliaga Lozano",,"4","REGULAR","2022","8/12/2025 21,56,47"
"87","20220087","Lucia Patricia","Huaman Aguilar",,"5","REGULAR","2022","8/12/2025 21,56,47"
"88","20230088","Miguel Rosa","Sanchez Nieto",,"5","REGULAR","2023","8/12/2025 21,56,47"
"89","20200089","Diego Javier","Rodriguez Paredes",,"4","REGULAR","2020","8/12/2025 21,56,47"
"90","20200090","Paula Patricia","Rodriguez Cruz",,"9","REGULAR","2020","8/12/2025 21,56,47"
"91","20220091","Ximena Antonio","Fernandez Cordova",,"9","REGULAR","2022","8/12/2025 21,56,47"
"92","20230092","Miguel Alberto","Lopez Cordova",,"8","REGULAR","2023","8/12/2025 21,56,47"
"93","20230093","Paula Rosa","Cabrera De la Cruz",,"9","REGULAR","2023","8/12/2025 21,56,47"
"94","20210094","Gabriela Isabel","Herrera Campos",,"1","REGULAR","2021","8/12/2025 21,56,47"
"95","20240095","Elena Rosa","Chavez Vilchez",,"2","REGULAR","2024","8/12/2025 21,56,47"
"96","20200096","Ana Laura","Sanchez Vilchez",,"8","REGULAR","2020","8/12/2025 21,56,47"
"97","20200097","Jose Eduardo","Gomez Cornejo",,"6","REGULAR","2020","8/12/2025 21,56,47"
"98","20230098","Luis Sara","Cabrera Vega",,"10","REGULAR","2023","8/12/2025 21,56,47"
"99","20200099","Lucas Manuel","Mamani Arroyo",,"4","REGULAR","2020","8/12/2025 21,56,47"
"100","20230100","Camila Marta","Vargas Salas",,"9","REGULAR","2023","8/12/2025 21,56,47"
"101","20240101","Gabriela Roberto","Sanchez Fuentes",,"8","REGULAR","2024","8/12/2025 21,56,47"
"102","20230102","Fernanda Sara","Gomez Caceres",,"4","REGULAR","2023","8/12/2025 21,56,47"
"103","20200103","Daniela Carmen","Quispe Cruz",,"8","REGULAR","2020","8/12/2025 21,56,47"
"104","20240104","Lucia Carmen","Rodriguez Mora",,"8","REGULAR","2024","8/12/2025 21,56,47"
"105","20220105","Jose Rosa","Rojas Carrasco",,"2","REGULAR","2022","8/12/2025 21,56,47"
"106","20210106","Maria Isabel","Diaz Carrasco",,"4","REGULAR","2021","8/12/2025 21,56,47"
"107","20240107","Fernanda Isabel","Gomez Ochoa",,"10","REGULAR","2024","8/12/2025 21,56,47"
"108","20220108","Lucas Marta","Flores Paredes",,"8","REGULAR","2022","8/12/2025 21,56,47"
"109","20220109","Ximena Francisco","Soto Cruz",,"8","REGULAR","2022","8/12/2025 21,56,47"
"110","20230110","Sebastian Eduardo","Sanchez Figueroa",,"5","REGULAR","2023","8/12/2025 21,56,47"
"111","20230111","Daniela Fernando","Vargas Carrasco",,"1","REGULAR","2023","8/12/2025 21,56,47"
"112","20200112","Ximena Carmen","Sanchez Palacios",,"4","REGULAR","2020","8/12/2025 21,56,47"
"113","20240113","Valentina Javier","Cabrera Caceres",,"10","REGULAR","2024","8/12/2025 21,56,47"
"114","20220114","Elena Adrian","Fernandez Paredes",,"2","REGULAR","2022","8/12/2025 21,56,47"
"115","20210115","Sofia Laura","Ruiz Bustamante",,"4","REGULAR","2021","8/12/2025 21,56,47"
"116","20220116","Ximena Laura","Aliaga Aguilar",,"8","REGULAR","2022","8/12/2025 21,56,47"
"117","20200117","Lucia Eduardo","Castillo Paredes",,"1","REGULAR","2020","8/12/2025 21,56,47"
"118","20210118","Victoria Francisco","Huaman Salas",,"4","REGULAR","2021","8/12/2025 21,56,47"
"119","20210119","Gabriel Alberto","Diaz Carrasco",,"5","REGULAR","2021","8/12/2025 21,56,47"
"120","20240120","Matias Marta","Ramos Leon",,"3","REGULAR","2024","8/12/2025 21,56,47"
"121","20200121","Lucia Cristina","Quispe Hidalgo",,"4","REGULAR","2020","8/12/2025 21,56,47"
"122","20220122","Ana Laura","Herrera Palacios",,"4","REGULAR","2022","8/12/2025 21,56,47"
"123","20240123","Alejandro Laura","Rodriguez Bravo",,"2","REGULAR","2024","8/12/2025 21,56,47"
"124","20230124","Jose Cristina","Huaman Hidalgo",,"9","REGULAR","2023","8/12/2025 21,56,47"
"125","20220125","Gabriel Roberto","Quispe Bustamante",,"10","REGULAR","2022","8/12/2025 21,56,47"
"126","20240126","Victoria Marta","Navarro Mora",,"1","REGULAR","2024","8/12/2025 21,56,47"
"127","20230127","Miguel Roberto","Vasquez Ochoa",,"5","REGULAR","2023","8/12/2025 21,56,47"
"128","20200128","David Fernando","Gutierrez Montoya",,"9","REGULAR","2020","8/12/2025 21,56,47"
"129","20210129","Elena Rosa","Vargas Arroyo",,"10","REGULAR","2021","8/12/2025 21,56,47"
"130","20200130","Paula Marta","Mendoza Arroyo",,"8","REGULAR","2020","8/12/2025 21,56,47"
"131","20200131","Pedro Carmen","Flores Ochoa",,"4","REGULAR","2020","8/12/2025 21,56,47"
"132","20230132","Matias Lorena","Castillo Salazar",,"4","REGULAR","2023","8/12/2025 21,56,47"
"133","20210133","Ximena Adrian","Gomez Cardenas",,"1","REGULAR","2021","8/12/2025 21,56,47"
"134","20210134","Valentina Eduardo","Quispe Nieto",,"4","REGULAR","2021","8/12/2025 21,56,47"
"135","20210135","Fernanda Roberto","Quispe Aguilar",,"3","REGULAR","2021","8/12/2025 21,56,47"
"136","20240136","Sebastian Sara","Diaz Leon",,"4","REGULAR","2024","8/12/2025 21,56,47"
"137","20230137","Lucas Carmen","Herrera Lozano",,"3","REGULAR","2023","8/12/2025 21,56,47"
"138","20220138","Matias Sara","Soto Cardenas",,"7","REGULAR","2022","8/12/2025 21,56,47"
"139","20200139","Pedro Rosa","Perez Ochoa",,"3","REGULAR","2020","8/12/2025 21,56,47"
"140","20230140","Andrea Javier","Rodriguez Velarde",,"6","REGULAR","2023","8/12/2025 21,56,47"
"141","20200141","Elena Eduardo","Sanchez Hidalgo",,"6","REGULAR","2020","8/12/2025 21,56,47"
"142","20200142","Gabriel Eduardo","Ramos Cruz",,"10","REGULAR","2020","8/12/2025 21,56,47"
"143","20220143","Lucas Manuel","Rojas Leon",,"10","REGULAR","2022","8/12/2025 21,56,47"
"144","20230144","Sofia Roberto","Rojas Mora",,"5","REGULAR","2023","8/12/2025 21,56,47"
"145","20240145","Diego Laura","Torres Hidalgo",,"10","REGULAR","2024","8/12/2025 21,56,47"
"146","20200146","Gabriela Lorena","Torres Velarde",,"10","REGULAR","2020","8/12/2025 21,56,47"
"147","20240147","Luis Beatriz","Diaz Mora",,"6","REGULAR","2024","8/12/2025 21,56,47"
"148","20230148","Luis Sara","Quispe Hidalgo",,"9","REGULAR","2023","8/12/2025 21,56,47"
"149","20230149","David Adrian","Soto Cornejo",,"2","REGULAR","2023","8/12/2025 21,56,47"
"150","20230150","Sofia Beatriz","Espinoza Palacios",,"4","REGULAR","2023","8/12/2025 21,56,47"
"151","20210151","Juan Cristina","Cabrera De la Cruz",,"2","REGULAR","2021","8/12/2025 21,56,47"
"152","20220152","Valeria Carmen","Romero Cordova",,"1","REGULAR","2022","8/12/2025 21,56,47"
"153","20220153","Elena Eduardo","Garcia Vilchez",,"1","REGULAR","2022","8/12/2025 21,56,47"
"154","20220154","Sofia Patricia","Soto Fuentes",,"7","REGULAR","2022","8/12/2025 21,56,47"
"155","20200155","Sebastian Rosa","Torres Valdivia",,"1","REGULAR","2020","8/12/2025 21,56,47"
"156","20240156","Jesus Francisco","Vasquez Cordova",,"2","REGULAR","2024","8/12/2025 21,56,47"
"157","20220157","Sebastian Fernando","Rodriguez Figueroa",,"8","REGULAR","2022","8/12/2025 21,56,47"
"158","20240158","Valentina Antonio","Espinoza Cordova",,"2","REGULAR","2024","8/12/2025 21,56,47"
"159","20220159","Pedro Manuel","Vargas Miranda",,"2","REGULAR","2022","8/12/2025 21,56,47"
"160","20200160","Pedro Alberto","Chavez Lozano",,"3","REGULAR","2020","8/12/2025 21,56,47"
"161","20210161","Matias Antonio","Garcia Miranda",,"6","REGULAR","2021","8/12/2025 21,56,47"
"162","20200162","Elena Manuel","Rodriguez Lozano",,"8","REGULAR","2020","8/12/2025 21,56,47"
"163","20220163","Ximena Antonio","Herrera Salas",,"3","REGULAR","2022","8/12/2025 21,56,47"
"164","20200164","Fernanda Javier","Huaman Bustamante",,"9","REGULAR","2020","8/12/2025 21,56,47"
"165","20210165","Paula Lorena","Huaman Cornejo",,"7","REGULAR","2021","8/12/2025 21,56,47"
"166","20230166","Maria Francisco","Huaman Salazar",,"1","REGULAR","2023","8/12/2025 21,56,47"
"167","20220167","Diego Adrian","Perez Caceres",,"2","REGULAR","2022","8/12/2025 21,56,47"
"168","20220168","Paula Roberto","Torres Leon",,"5","REGULAR","2022","8/12/2025 21,56,47"
"169","20230169","Paula Beatriz","Huaman Salas",,"2","REGULAR","2023","8/12/2025 21,56,47"
"170","20210170","Daniela Francisco","Gomez Nieto",,"2","REGULAR","2021","8/12/2025 21,56,47"
"171","20230171","Diego Adrian","Mendoza Lozano",,"9","REGULAR","2023","8/12/2025 21,56,47"
"172","20240172","Jorge Alberto","Garcia Miranda",,"1","REGULAR","2024","8/12/2025 21,56,47"
"173","20240173","Elena Patricia","Ramos Fuentes",,"5","REGULAR","2024","8/12/2025 21,56,47"
"174","20200174","Matias Beatriz","Vasquez Bustamante",,"5","REGULAR","2020","8/12/2025 21,56,47"
"175","20220175","Gabriela Rosa","Lopez Cruz",,"2","REGULAR","2022","8/12/2025 21,56,47"
"176","20240176","Pedro Ricardo","Ruiz De la Cruz",,"9","REGULAR","2024","8/12/2025 21,56,47"
"177","20210177","Diego Roberto","Aliaga Bravo",,"2","REGULAR","2021","8/12/2025 21,56,47"
"178","20200178","Sebastian Rosa","Torres Lozano",,"8","REGULAR","2020","8/12/2025 21,56,47"
"179","20210179","Fernanda Fernando","Mendoza Cornejo",,"1","REGULAR","2021","8/12/2025 21,56,47"
"180","20200180","Sebastian Cristina","Romero Mora",,"3","REGULAR","2020","8/12/2025 21,56,47"
"181","20210181","Ximena Fernando","Castillo Miranda",,"2","REGULAR","2021","8/12/2025 21,56,47"
"182","20200182","Maria Laura","Sanchez Cornejo",,"7","REGULAR","2020","8/12/2025 21,56,47"
"183","20240183","Victoria Isabel","Castillo Montoya",,"3","REGULAR","2024","8/12/2025 21,56,47"
"184","20200184","Ana Beatriz","Perez Leon",,"3","REGULAR","2020","8/12/2025 21,56,48"
"185","20200185","Elena Antonio","Gomez Vega",,"8","REGULAR","2020","8/12/2025 21,56,48"
"186","20240186","Elena Fernando","Rodriguez Bravo",,"6","REGULAR","2024","8/12/2025 21,56,48"
"187","20240187","Diego Eduardo","Rojas Cornejo",,"4","REGULAR","2024","8/12/2025 21,56,48"
"188","20210188","Jose Fernando","Herrera Cornejo",,"5","REGULAR","2021","8/12/2025 21,56,48"
"189","20210189","Ximena Alberto","Ramos Lozano",,"8","REGULAR","2021","8/12/2025 21,56,48"
"190","20220190","Juan Sara","Ramos Nieto",,"6","REGULAR","2022","8/12/2025 21,56,48"
"191","20220191","Gabriel Beatriz","Rojas Salas",,"5","REGULAR","2022","8/12/2025 21,56,48"
"192","20220192","Fernanda Cristina","Vasquez Carrasco",,"7","REGULAR","2022","8/12/2025 21,56,48"
"193","20240193","Carlos Cristina","Chavez Valdivia",,"9","REGULAR","2024","8/12/2025 21,56,48"
"194","20230194","Ana Patricia","Navarro Palacios",,"1","REGULAR","2023","8/12/2025 21,56,48"
"195","20220195","Ana Beatriz","Vargas Vega",,"2","REGULAR","2022","8/12/2025 21,56,48"
"196","20200196","Elena Antonio","Silva Salas",,"5","REGULAR","2020","8/12/2025 21,56,48"
"197","20200197","Jose Manuel","Quispe Fuentes",,"7","REGULAR","2020","8/12/2025 21,56,48"
"198","20230198","Lucia Manuel","Torres Cornejo",,"1","REGULAR","2023","8/12/2025 21,56,48"
"199","20220199","Lucas Sara","Castillo Palacios",,"1","REGULAR","2022","8/12/2025 21,56,48"
"200","20220200","David Sara","Lopez Hidalgo",,"2","REGULAR","2022","8/12/2025 21,56,48"
"201","20240201","Ximena Alberto","Vargas Hidalgo",,"3","REGULAR","2024","8/12/2025 21,56,48"
"202","20240202","Sebastian Adrian","Aliaga Aguilar",,"2","REGULAR","2024","8/12/2025 21,56,48"
"203","20220203","Diego Manuel","Sanchez Palacios",,"8","REGULAR","2022","8/12/2025 21,56,48"
"204","20200204","Sebastian Eduardo","Navarro Palacios",,"4","REGULAR","2020","8/12/2025 21,56,48"
"205","20220205","Gabriel Antonio","Herrera Carrasco",,"8","REGULAR","2022","8/12/2025 21,56,48"
"206","20200206","Pedro Adrian","Ruiz Palacios",,"6","REGULAR","2020","8/12/2025 21,56,48"
"207","20210207","Lucia Antonio","Lopez Bustamante",,"9","REGULAR","2021","8/12/2025 21,56,48"
"208","20240208","Gabriela Patricia","Silva Cruz",,"2","REGULAR","2024","8/12/2025 21,56,48"
"209","20200209","Luis Manuel","Gomez Montoya",,"6","REGULAR","2020","8/12/2025 21,56,48"
"210","20220210","Victoria Laura","Aliaga Palacios",,"9","REGULAR","2022","8/12/2025 21,56,48"
"211","20230211","Lucas Rosa","Espinoza Campos",,"5","REGULAR","2023","8/12/2025 21,56,48"
"212","20230212","Valentina Carmen","Perez Bravo",,"9","REGULAR","2023","8/12/2025 21,56,48"
"213","20240213","Juan Isabel","Castillo Palacios",,"4","REGULAR","2024","8/12/2025 21,56,48"
"214","20230214","Camila Laura","Sanchez Mora",,"10","REGULAR","2023","8/12/2025 21,56,48"
"215","20220215","Jose Manuel","Fernandez Vega",,"4","REGULAR","2022","8/12/2025 21,56,48"
"216","20200216","Pedro Ricardo","Ruiz De la Cruz",,"1","REGULAR","2020","8/12/2025 21,56,48"
"217","20220217","Lucia Alberto","Castillo Hidalgo",,"1","REGULAR","2022","8/12/2025 21,56,48"
"218","20210218","Maria Cristina","Romero Cordova",,"9","REGULAR","2021","8/12/2025 21,56,48"
"219","20210219","Matias Beatriz","Vargas Salas",,"7","REGULAR","2021","8/12/2025 21,56,48"
"220","20220220","Lucas Antonio","Lopez Vilchez",,"6","REGULAR","2022","8/12/2025 21,56,48"
"221","20210221","Pedro Eduardo","Mamani Cardenas",,"1","REGULAR","2021","8/12/2025 21,56,48"
"222","20220222","Gabriela Lorena","Torres De la Cruz",,"9","REGULAR","2022","8/12/2025 21,56,48"
"223","20230223","Ana Patricia","Herrera Cordova",,"8","REGULAR","2023","8/12/2025 21,56,48"
"224","20240224","Camila Ricardo","Rojas Arroyo",,"4","REGULAR","2024","8/12/2025 21,56,48"
"225","20220225","Camila Javier","Soto Cardenas",,"5","REGULAR","2022","8/12/2025 21,56,48"
"226","20200226","Sofia Rosa","Soto Cornejo",,"10","REGULAR","2020","8/12/2025 21,56,48"
"227","20210227","Ana Marta","Castillo Paredes",,"7","REGULAR","2021","8/12/2025 21,56,48"
"228","20210228","Ximena Carmen","Sanchez Palacios",,"10","REGULAR","2021","8/12/2025 21,56,48"
"229","20220229","Valentina Fernando","Rodriguez Figueroa",,"9","REGULAR","2022","8/12/2025 21,56,48"
"230","20210230","Alejandro Sara","Torres Palacios",,"8","REGULAR","2021","8/12/2025 21,56,48"
"231","20220231","Andrea Beatriz","Gomez Valdivia",,"7","REGULAR","2022","8/12/2025 21,56,48"
"232","20230232","Elena Javier","Chavez Salazar",,"5","REGULAR","2023","8/12/2025 21,56,48"
"233","20230233","Sofia Alberto","Silva Salazar",,"1","REGULAR","2023","8/12/2025 21,56,48"
"234","20230234","Gabriel Francisco","Cabrera Vilchez",,"6","REGULAR","2023","8/12/2025 21,56,48"
"235","20240235","Gabriela Carmen","Diaz Nieto",,"3","REGULAR","2024","8/12/2025 21,56,48"
"236","20230236","Ana Fernando","Silva Hidalgo",,"1","REGULAR","2023","8/12/2025 21,56,48"
"237","20200237","Ana Manuel","Perez Cordova",,"3","REGULAR","2020","8/12/2025 21,56,48"
"238","20200238","Gabriela Isabel","Lopez Lozano",,"2","REGULAR","2020","8/12/2025 21,56,48"
"239","20210239","Lucia Javier","Ramos De la Cruz",,"4","REGULAR","2021","8/12/2025 21,56,48"
"240","20240240","Lucia Javier","Diaz Fuentes",,"6","REGULAR","2024","8/12/2025 21,56,48"
"241","20200241","Victoria Alberto","Rojas Fuentes",,"4","REGULAR","2020","8/12/2025 21,56,48"
"242","20220242","Victoria Cristina","Herrera Aguilar",,"7","REGULAR","2022","8/12/2025 21,56,48"
"243","20230243","Jose Laura","Rojas Aguilar",,"9","REGULAR","2023","8/12/2025 21,56,48"
"244","20240244","Paula Cristina","Gutierrez Campos",,"6","REGULAR","2024","8/12/2025 21,56,48"
"245","20210245","Jose Lorena","Huaman Bustamante",,"7","REGULAR","2021","8/12/2025 21,56,48"
"246","20210246","Ana Roberto","Vasquez Arroyo",,"2","REGULAR","2021","8/12/2025 21,56,48"
"247","20210247","Andrea Adrian","Ramos Ochoa",,"5","REGULAR","2021","8/12/2025 21,56,48"
"248","20200248","Miguel Beatriz","Ruiz Bravo",,"3","REGULAR","2020","8/12/2025 21,56,48"
"249","20230249","Elena Manuel","Mamani Fuentes",,"3","REGULAR","2023","8/12/2025 21,56,48"
"250","20230250","Valeria Cristina","Flores Cordova",,"10","REGULAR","2023","8/12/2025 21,56,48"
"251","20230251","Gabriel Laura","Ruiz Valdivia",,"3","REGULAR","2023","8/12/2025 21,56,48"
"252","20230252","Ana Patricia","Flores Vega",,"4","REGULAR","2023","8/12/2025 21,56,48"
"253","20240253","Valeria Manuel","Torres Cornejo",,"2","REGULAR","2024","8/12/2025 21,56,48"
"254","20240254","Valeria Fernando","Rodriguez Cordova",,"9","REGULAR","2024","8/12/2025 21,56,48"
"255","20200255","Gabriela Adrian","Herrera Salazar",,"10","REGULAR","2020","8/12/2025 21,56,48"
"256","20240256","Sofia Sara","Romero Bustamante",,"10","REGULAR","2024","8/12/2025 21,56,48"
"257","20230257","Camila Cristina","Ramos Nieto",,"1","REGULAR","2023","8/12/2025 21,56,48"
"258","20240258","Jorge Lorena","Sanchez Paredes",,"1","REGULAR","2024","8/12/2025 21,56,48"
"259","20220259","Pedro Sara","Gutierrez Miranda",,"7","REGULAR","2022","8/12/2025 21,56,48"
"260","20240260","Diego Roberto","Silva Paredes",,"6","REGULAR","2024","8/12/2025 21,56,48"
"261","20220261","Lucia Rosa","Huaman Miranda",,"4","REGULAR","2022","8/12/2025 21,56,48"
"262","20230262","Fernanda Sara","Fernandez Figueroa",,"4","REGULAR","2023","8/12/2025 21,56,48"
"263","20210263","Jesus Marta","Mendoza Campos",,"5","REGULAR","2021","8/12/2025 21,56,48"
"264","20230264","Ana Carmen","Vargas Cruz",,"5","REGULAR","2023","8/12/2025 21,56,48"
"265","20210265","Victoria Rosa","Gutierrez Velarde",,"6","REGULAR","2021","8/12/2025 21,56,48"
"266","20230266","Jorge Ricardo","Gomez Paredes",,"7","REGULAR","2023","8/12/2025 21,56,48"
"267","20200267","Camila Isabel","Rodriguez De la Cruz",,"3","REGULAR","2020","8/12/2025 21,56,48"
"268","20240268","Juan Francisco","Ramos Figueroa",,"3","REGULAR","2024","8/12/2025 21,56,48"
"269","20200269","Andrea Francisco","Aliaga Cordova",,"3","REGULAR","2020","8/12/2025 21,56,48"
"270","20230270","Miguel Eduardo","Romero Velarde",,"4","REGULAR","2023","8/12/2025 21,56,48"
"271","20200271","Ximena Marta","Chavez Aguilar",,"5","REGULAR","2020","8/12/2025 21,56,48"
"272","20210272","Jesus Marta","Ramos Vega",,"8","REGULAR","2021","8/12/2025 21,56,48"
"273","20220273","Victoria Laura","Castillo Miranda",,"3","REGULAR","2022","8/12/2025 21,56,48"
"274","20200274","Sofia Lorena","Vasquez Arroyo",,"10","REGULAR","2020","8/12/2025 21,56,48"
"275","20200275","Maria Beatriz","Gutierrez Cardenas",,"2","REGULAR","2020","8/12/2025 21,56,48"
"276","20210276","Victoria Marta","Romero Paredes",,"1","REGULAR","2021","8/12/2025 21,56,48"
"277","20240277","Valentina Adrian","Gutierrez Paredes",,"2","REGULAR","2024","8/12/2025 21,56,48"
"278","20220278","Ana Adrian","Espinoza Paredes",,"2","REGULAR","2022","8/12/2025 21,56,48"
"279","20230279","Jorge Sara","Vargas Cordova",,"1","REGULAR","2023","8/12/2025 21,56,48"
"280","20200280","Gabriel Manuel","Aliaga Montoya",,"2","REGULAR","2020","8/12/2025 21,56,48"
"281","20240281","Jorge Javier","Torres Leon",,"3","REGULAR","2024","8/12/2025 21,56,48"
"282","20210282","Camila Eduardo","Gomez Cordova",,"9","REGULAR","2021","8/12/2025 21,56,48"
"283","20210283","Ana Adrian","Rojas Leon",,"4","REGULAR","2021","8/12/2025 21,56,48"
"284","20230284","Sebastian Laura","Espinoza Aguilar",,"4","REGULAR","2023","8/12/2025 21,56,48"
"285","20200285","Lucia Laura","Perez Caceres",,"10","REGULAR","2020","8/12/2025 21,56,48"
"286","20230286","Juan Fernando","Flores Arroyo",,"10","REGULAR","2023","8/12/2025 21,56,48"
"287","20210287","Valeria Patricia","Espinoza Lozano",,"9","REGULAR","2021","8/12/2025 21,56,48"
"288","20230288","Pedro Alberto","Diaz Salas",,"1","REGULAR","2023","8/12/2025 21,56,48"
"289","20240289","Sebastian Roberto","Mendoza Arroyo",,"3","REGULAR","2024","8/12/2025 21,56,49"
"290","20230290","Lucia Adrian","Herrera Lozano",,"6","REGULAR","2023","8/12/2025 21,56,49"
"291","20210291","Jose Laura","Flores Caceres",,"3","REGULAR","2021","8/12/2025 21,56,49"
"292","20230292","Jorge Fernando","Vasquez Valdivia",,"6","REGULAR","2023","8/12/2025 21,56,49"
"293","20200293","Camila Beatriz","Huaman Paredes",,"7","REGULAR","2020","8/12/2025 21,56,49"
"294","20240294","Jorge Adrian","Romero Caceres",,"7","REGULAR","2024","8/12/2025 21,56,49"
"295","20240295","Jorge Patricia","Huaman Cardenas",,"5","REGULAR","2024","8/12/2025 21,56,49"
"296","20210296","Juan Rosa","Vargas Cruz",,"10","REGULAR","2021","8/12/2025 21,56,49"
"297","20240297","Gabriela Marta","Diaz Cruz",,"7","REGULAR","2024","8/12/2025 21,56,49"
"298","20220298","Miguel Roberto","Espinoza Mora",,"10","REGULAR","2022","8/12/2025 21,56,49"
"299","20200299","Carlos Rosa","Gomez De la Cruz",,"1","REGULAR","2020","8/12/2025 21,56,49"
"300","20220300","Jose Antonio","Castillo Lozano",,"1","REGULAR","2022","8/12/2025 21,56,49"
"301","20220301","Sofia Carmen","Espinoza De la Cruz",,"7","REGULAR","2022","8/12/2025 21,56,49"
"302","20200302","Juan Fernando","Quispe Carrasco",,"6","REGULAR","2020","8/12/2025 21,56,49"
"303","20220303","Juan Patricia","Castillo Salas",,"8","REGULAR","2022","8/12/2025 21,56,49"
"304","20240304","Camila Javier","Ruiz Fuentes",,"8","REGULAR","2024","8/12/2025 21,56,49"
"305","20210305","Jorge Javier","Rojas Cordova",,"9","REGULAR","2021","8/12/2025 21,56,49"
"306","20210306","Elena Sara","Vasquez Fuentes",,"6","REGULAR","2021","8/12/2025 21,56,49"
"307","20210307","Gabriel Roberto","Navarro Bustamante",,"1","REGULAR","2021","8/12/2025 21,56,49"
"308","20240308","Fernanda Lorena","Vasquez Fuentes",,"8","REGULAR","2024","8/12/2025 21,56,49"
"309","20240309","Lucas Cristina","Soto Montoya",,"2","REGULAR","2024","8/12/2025 21,56,49"
"310","20240310","David Antonio","Sanchez De la Cruz",,"3","REGULAR","2024","8/12/2025 21,56,49"
"311","20210311","Matias Marta","Espinoza Lozano",,"9","REGULAR","2021","8/12/2025 21,56,49"
"312","20200312","David Javier","Espinoza Mora",,"8","REGULAR","2020","8/12/2025 21,56,49"
"313","20210313","Sebastian Javier","Flores Nieto",,"7","REGULAR","2021","8/12/2025 21,56,49"
"314","20200314","Elena Carmen","Romero Ochoa",,"6","REGULAR","2020","8/12/2025 21,56,49"
"315","20200315","Pedro Ricardo","Romero Mora",,"5","REGULAR","2020","8/12/2025 21,56,49"
"316","20230316","Alejandro Ricardo","Diaz Cardenas",,"4","REGULAR","2023","8/12/2025 21,56,49"
"317","20200317","Diego Javier","Rojas Bravo",,"4","REGULAR","2020","8/12/2025 21,56,49"
"318","20220318","David Isabel","Gutierrez Valdivia",,"8","REGULAR","2022","8/12/2025 21,56,49"
"319","20210319","Lucia Cristina","Flores Vilchez",,"6","REGULAR","2021","8/12/2025 21,56,49"
"320","20210320","Sofia Laura","Gomez Montoya",,"10","REGULAR","2021","8/12/2025 21,56,49"
"321","20240321","Pedro Fernando","Mamani Campos",,"9","REGULAR","2024","8/12/2025 21,56,49"
"322","20220322","Daniela Patricia","Silva Miranda",,"2","REGULAR","2022","8/12/2025 21,56,49"
"323","20210323","Maria Javier","Soto Paredes",,"5","REGULAR","2021","8/12/2025 21,56,49"
"324","20200324","Paula Fernando","Soto Cruz",,"6","REGULAR","2020","8/12/2025 21,56,49"
"325","20220325","Diego Francisco","Castillo Miranda",,"7","REGULAR","2022","8/12/2025 21,56,49"
"326","20230326","Jesus Javier","Gomez Miranda",,"3","REGULAR","2023","8/12/2025 21,56,49"
"327","20230327","Matias Beatriz","Ramos Caceres",,"9","REGULAR","2023","8/12/2025 21,56,49"
"328","20240328","Matias Sara","Flores Vilchez",,"5","REGULAR","2024","8/12/2025 21,56,49"
"329","20230329","Alejandro Fernando","Cabrera Lozano",,"3","REGULAR","2023","8/12/2025 21,56,49"
"330","20200330","Miguel Rosa","Navarro Miranda",,"1","REGULAR","2020","8/12/2025 21,56,49"
"331","20220331","Victoria Francisco","Ruiz Cordova",,"6","REGULAR","2022","8/12/2025 21,56,49"
"332","20210332","Ana Lorena","Mendoza Carrasco",,"8","REGULAR","2021","8/12/2025 21,56,49"
"333","20240333","Juan Antonio","Aliaga Caceres",,"7","REGULAR","2024","8/12/2025 21,56,49"
"334","20210334","Ximena Sara","Gomez Fuentes",,"6","REGULAR","2021","8/12/2025 21,56,49"
"335","20240335","Sofia Eduardo","Gutierrez Lozano",,"6","REGULAR","2024","8/12/2025 21,56,49"
"336","20210336","Elena Javier","Garcia Cruz",,"3","REGULAR","2021","8/12/2025 21,56,49"
"337","20210337","Gabriel Laura","Gomez Montoya",,"4","REGULAR","2021","8/12/2025 21,56,49"
"338","20240338","Juan Sara","Rojas Bravo",,"9","REGULAR","2024","8/12/2025 21,56,49"
"339","20230339","Sebastian Francisco","Castillo Fuentes",,"7","REGULAR","2023","8/12/2025 21,56,49"
"340","20210340","Luis Antonio","Rodriguez De la Cruz",,"7","REGULAR","2021","8/12/2025 21,56,49"
"341","20220341","Paula Laura","Quispe Carrasco",,"3","REGULAR","2022","8/12/2025 21,56,49"
"342","20220342","Matias Alberto","Silva Salazar",,"2","REGULAR","2022","8/12/2025 21,56,49"
"343","20240343","Gabriela Francisco","Rodriguez Caceres",,"4","REGULAR","2024","8/12/2025 21,56,49"
"344","20220344","Valentina Carmen","Ruiz Palacios",,"10","REGULAR","2022","8/12/2025 21,56,49"
"345","20220345","Jorge Cristina","Sanchez Salazar",,"3","REGULAR","2022","8/12/2025 21,56,49"
"346","20220346","Alejandro Antonio","Castillo Cornejo",,"4","REGULAR","2022","8/12/2025 21,56,49"
"347","20200347","Carlos Alberto","Gutierrez Fuentes",,"8","REGULAR","2020","8/12/2025 21,56,49"
"348","20240348","Valentina Isabel","Garcia Ochoa",,"2","REGULAR","2024","8/12/2025 21,56,49"
"349","20230349","Gabriel Antonio","Herrera Velarde",,"4","REGULAR","2023","8/12/2025 21,56,49"
"350","20230350","Luis Carmen","Vargas Miranda",,"2","REGULAR","2023","8/12/2025 21,56,49"
"351","20240351","Valeria Lorena","Romero Montoya",,"9","REGULAR","2024","8/12/2025 21,56,49"
"352","20210352","Camila Carmen","Aliaga Salazar",,"3","REGULAR","2021","8/12/2025 21,56,49"
"353","20200353","Gabriel Laura","Huaman Fuentes",,"5","REGULAR","2020","8/12/2025 21,56,49"
"354","20230354","Miguel Beatriz","Perez Campos",,"1","REGULAR","2023","8/12/2025 21,56,49"
"355","20210355","Daniela Adrian","Navarro De la Cruz",,"1","REGULAR","2021","8/12/2025 21,56,49"
"356","20230356","Diego Alberto","Rodriguez Montoya",,"3","REGULAR","2023","8/12/2025 21,56,49"
"357","20210357","Lucia Laura","Huaman Leon",,"2","REGULAR","2021","8/12/2025 21,56,49"
"358","20240358","Maria Roberto","Vargas Aguilar",,"4","REGULAR","2024","8/12/2025 21,56,49"
"359","20240359","Miguel Ricardo","Espinoza Miranda",,"7","REGULAR","2024","8/12/2025 21,56,49"
"360","20230360","David Sara","Fernandez Arroyo",,"1","REGULAR","2023","8/12/2025 21,56,49"
"361","20210361","Elena Lorena","Navarro Ochoa",,"4","REGULAR","2021","8/12/2025 21,56,49"
"362","20210362","Miguel Eduardo","Herrera Ochoa",,"8","REGULAR","2021","8/12/2025 21,56,49"
"363","20240363","David Adrian","Herrera Lozano",,"1","REGULAR","2024","8/12/2025 21,56,49"
"364","20230364","Pedro Manuel","Diaz Lozano",,"9","REGULAR","2023","8/12/2025 21,56,49"
"365","20210365","Valeria Ricardo","Perez Cornejo",,"6","REGULAR","2021","8/12/2025 21,56,49"
"366","20230366","Miguel Alberto","Cabrera Leon",,"1","REGULAR","2023","8/12/2025 21,56,49"
"367","20240367","Gabriela Fernando","Ramos Mora",,"9","REGULAR","2024","8/12/2025 21,56,49"
"368","20200368","Alejandro Manuel","Fernandez Vega",,"4","REGULAR","2020","8/12/2025 21,56,49"
"369","20240369","Fernanda Patricia","Soto Vega",,"2","REGULAR","2024","8/12/2025 21,56,49"
"370","20210370","Lucas Patricia","Gutierrez Palacios",,"7","REGULAR","2021","8/12/2025 21,56,49"
"371","20210371","Daniela Manuel","Ramos Cordova",,"5","REGULAR","2021","8/12/2025 21,56,49"
"372","20230372","Fernanda Cristina","Vargas Arroyo",,"5","REGULAR","2023","8/12/2025 21,56,49"
"373","20230373","Alejandro Ricardo","Vasquez Leon",,"10","REGULAR","2023","8/12/2025 21,56,49"
"374","20220374","Sofia Carmen","Vasquez Salas",,"1","REGULAR","2022","8/12/2025 21,56,49"
"375","20230375","Andrea Manuel","Quispe Campos",,"5","REGULAR","2023","8/12/2025 21,56,49"
"376","20200376","Valentina Rosa","Diaz Lozano",,"10","REGULAR","2020","8/12/2025 21,56,49"
"377","20220377","Miguel Lorena","Huaman Cornejo",,"9","REGULAR","2022","8/12/2025 21,56,49"
"378","20200378","Sofia Adrian","Navarro Paredes",,"4","REGULAR","2020","8/12/2025 21,56,49"
"379","20220379","Sebastian Beatriz","Navarro Montoya",,"9","REGULAR","2022","8/12/2025 21,56,49"
"380","20210380","Andrea Sara","Sanchez Carrasco",,"8","REGULAR","2021","8/12/2025 21,56,49"
"381","20240381","Victoria Javier","Mamani Vilchez",,"8","REGULAR","2024","8/12/2025 21,56,49"
"382","20230382","Jorge Eduardo","Vargas Montoya",,"2","REGULAR","2023","8/12/2025 21,56,49"
"383","20200383","David Antonio","Soto Velarde",,"9","REGULAR","2020","8/12/2025 21,56,49"
"384","20230384","Camila Laura","Rodriguez Ochoa",,"10","REGULAR","2023","8/12/2025 21,56,49"
"385","20220385","Alejandro Carmen","Perez Ochoa",,"1","REGULAR","2022","8/12/2025 21,56,49"
"386","20200386","Lucas Antonio","Gomez Fuentes",,"4","REGULAR","2020","8/12/2025 21,56,49"
"387","20210387","Ana Ricardo","Espinoza Fuentes",,"9","REGULAR","2021","8/12/2025 21,56,49"
"388","20240388","Gabriela Fernando","Perez Campos",,"5","REGULAR","2024","8/12/2025 21,56,49"
"389","20240389","Juan Manuel","Rojas Carrasco",,"9","REGULAR","2024","8/12/2025 21,56,49"
"390","20240390","Gabriel Francisco","Rodriguez Miranda",,"4","REGULAR","2024","8/12/2025 21,56,49"
"391","20210391","Valentina Lorena","Fernandez Bravo",,"2","REGULAR","2021","8/12/2025 21,56,49"
"392","20240392","David Alberto","Aliaga Vega",,"1","REGULAR","2024","8/12/2025 21,56,49"
"393","20220393","Jorge Alberto","Rojas Cruz",,"9","REGULAR","2022","8/12/2025 21,56,49"
"394","20220394","Carlos Laura","Gomez Salazar",,"3","REGULAR","2022","8/12/2025 21,56,49"
"395","20240395","Valeria Fernando","Sanchez Mora",,"6","REGULAR","2024","8/12/2025 21,56,49"
"396","20200396","Sebastian Sara","Rojas Hidalgo",,"2","REGULAR","2020","8/12/2025 21,56,49"
"397","20240397","Matias Sara","Herrera Leon",,"9","REGULAR","2024","8/12/2025 21,56,49"
"398","20230398","Carlos Lorena","Rodriguez Leon",,"10","REGULAR","2023","8/12/2025 21,56,49"
"399","20240399","Lucia Marta","Flores Leon",,"9","REGULAR","2024","8/12/2025 21,56,49"
"400","20200400","Juan Carmen","Soto Hidalgo",,"7","REGULAR","2020","8/12/2025 21,56,50"
"401","20220401","Paula Ricardo","Diaz Montoya",,"9","REGULAR","2022","8/12/2025 21,56,50"
"402","20240402","Juan Francisco","Ramos Figueroa",,"9","REGULAR","2024","8/12/2025 21,56,50"
"403","20210403","David Patricia","Ruiz Figueroa",,"1","REGULAR","2021","8/12/2025 21,56,50"
"404","20210404","Jose Fernando","Fernandez Paredes",,"2","REGULAR","2021","8/12/2025 21,56,50"
"405","20220405","Sebastian Beatriz","Ruiz Vilchez",,"3","REGULAR","2022","8/12/2025 21,56,50"
"406","20220406","Maria Alberto","Soto Nieto",,"2","REGULAR","2022","8/12/2025 21,56,50"
"407","20220407","Valeria Javier","Torres De la Cruz",,"8","REGULAR","2022","8/12/2025 21,56,50"
"408","20230408","Fernanda Carmen","Castillo Cruz",,"10","REGULAR","2023","8/12/2025 21,56,50"
"409","20200409","Gabriela Antonio","Rojas Arroyo",,"1","REGULAR","2020","8/12/2025 21,56,50"
"410","20210410","Ximena Rosa","Gomez Cardenas",,"8","REGULAR","2021","8/12/2025 21,56,50"
"411","20220411","Alejandro Ricardo","Espinoza Vega",,"2","REGULAR","2022","8/12/2025 21,56,50"
"412","20200412","Lucas Francisco","Romero Leon",,"10","REGULAR","2020","8/12/2025 21,56,50"
"413","20240413","Alejandro Rosa","Garcia De la Cruz",,"10","REGULAR","2024","8/12/2025 21,56,50"
"414","20200414","Matias Lorena","Espinoza Bravo",,"6","REGULAR","2020","8/12/2025 21,56,50"
"415","20230415","Lucas Carmen","Navarro Leon",,"6","REGULAR","2023","8/12/2025 21,56,50"
"416","20230416","Juan Eduardo","Flores Leon",,"5","REGULAR","2023","8/12/2025 21,56,50"
"417","20200417","Lucas Carmen","Navarro Paredes",,"2","REGULAR","2020","8/12/2025 21,56,50"
"418","20220418","Victoria Laura","Ramos Bravo",,"10","REGULAR","2022","8/12/2025 21,56,50"
"419","20230419","Ximena Lorena","Quispe Palacios",,"4","REGULAR","2023","8/12/2025 21,56,50"
"420","20230420","Andrea Fernando","Soto Cordova",,"9","REGULAR","2023","8/12/2025 21,56,50"
"421","20210421","Camila Francisco","Chavez Velarde",,"8","REGULAR","2021","8/12/2025 21,56,50"
"422","20200422","Jose Francisco","Torres Figueroa",,"1","REGULAR","2020","8/12/2025 21,56,50"
"423","20240423","Diego Isabel","Chavez Cardenas",,"1","REGULAR","2024","8/12/2025 21,56,50"
"424","20210424","Jose Ricardo","Vasquez Velarde",,"5","REGULAR","2021","8/12/2025 21,56,50"
"425","20230425","Sofia Beatriz","Chavez Fuentes",,"4","REGULAR","2023","8/12/2025 21,56,50"
"426","20240426","Ximena Beatriz","Quispe Paredes",,"5","REGULAR","2024","8/12/2025 21,56,50"
"427","20230427","Matias Isabel","Gomez Mora",,"9","REGULAR","2023","8/12/2025 21,56,50"
"428","20210428","Diego Patricia","Vasquez Cornejo",,"5","REGULAR","2021","8/12/2025 21,56,50"
"429","20220429","Miguel Patricia","Rodriguez Caceres",,"7","REGULAR","2022","8/12/2025 21,56,50"
"430","20230430","Ximena Javier","Torres Leon",,"10","REGULAR","2023","8/12/2025 21,56,50"
"431","20240431","Daniela Beatriz","Garcia Valdivia",,"5","REGULAR","2024","8/12/2025 21,56,50"
"432","20200432","Carlos Rosa","Perez Bravo",,"5","REGULAR","2020","8/12/2025 21,56,50"
"433","20200433","David Laura","Huaman Vega",,"5","REGULAR","2020","8/12/2025 21,56,50"
"434","20210434","Pedro Beatriz","Sanchez Ochoa",,"4","REGULAR","2021","8/12/2025 21,56,50"
"435","20220435","Diego Carmen","Romero Cruz",,"6","REGULAR","2022","8/12/2025 21,56,50"
"436","20240436","Ana Antonio","Diaz Leon",,"7","REGULAR","2024","8/12/2025 21,56,50"
"437","20200437","Carlos Fernando","Vasquez Montoya",,"9","REGULAR","2020","8/12/2025 21,56,50"
"438","20210438","Alejandro Eduardo","Soto Carrasco",,"6","REGULAR","2021","8/12/2025 21,56,50"
"439","20200439","Lucia Rosa","Mendoza Montoya",,"5","REGULAR","2020","8/12/2025 21,56,50"
"440","20230440","Jorge Javier","Chavez Aguilar",,"4","REGULAR","2023","8/12/2025 21,56,50"
"441","20240441","Sebastian Alberto","Rojas Cruz",,"2","REGULAR","2024","8/12/2025 21,56,50"
"442","20220442","Jorge Cristina","Rodriguez Lozano",,"6","REGULAR","2022","8/12/2025 21,56,50"
"443","20240443","Fernanda Isabel","Soto Paredes",,"10","REGULAR","2024","8/12/2025 21,56,50"
"444","20240444","Ana Eduardo","Gomez Cordova",,"1","REGULAR","2024","8/12/2025 21,56,50"
"445","20230445","Diego Marta","Cabrera Arroyo",,"9","REGULAR","2023","8/12/2025 21,56,50"
"446","20230446","Jorge Isabel","Vargas Salazar",,"6","REGULAR","2023","8/12/2025 21,56,50"
"447","20200447","Gabriel Laura","Gutierrez Paredes",,"2","REGULAR","2020","8/12/2025 21,56,50"
"448","20240448","Diego Antonio","Perez Palacios",,"4","REGULAR","2024","8/12/2025 21,56,50"
"449","20230449","Ana Carmen","Aliaga Cardenas",,"8","REGULAR","2023","8/12/2025 21,56,50"
"450","20210450","Pedro Francisco","Lopez Salas",,"3","REGULAR","2021","8/12/2025 21,56,50"
"451","20240451","Pedro Isabel","Gutierrez Hidalgo",,"5","REGULAR","2024","8/12/2025 21,56,50"
"452","20220452","Ximena Antonio","Fernandez Cordova",,"2","REGULAR","2022","8/12/2025 21,56,50"
"453","20220453","Jesus Roberto","Garcia Ochoa",,"2","REGULAR","2022","8/12/2025 21,56,50"
"454","20220454","Jesus Beatriz","Vargas De la Cruz",,"4","REGULAR","2022","8/12/2025 21,56,50"
"455","20220455","Paula Carmen","Mendoza Bustamante",,"9","REGULAR","2022","8/12/2025 21,56,50"
"456","20220456","Jorge Eduardo","Torres Campos",,"4","REGULAR","2022","8/12/2025 21,56,50"
"457","20200457","Diego Roberto","Huaman Palacios",,"6","REGULAR","2020","8/12/2025 21,56,50"
"458","20220458","Paula Ricardo","Diaz Montoya",,"2","REGULAR","2022","8/12/2025 21,56,50"
"459","20240459","Jorge Roberto","Romero Aguilar",,"4","REGULAR","2024","8/12/2025 21,56,50"
"460","20200460","Pedro Javier","Vasquez Arroyo",,"5","REGULAR","2020","8/12/2025 21,56,50"
"461","20240461","Camila Sara","Rojas Arroyo",,"4","REGULAR","2024","8/12/2025 21,56,50"
"462","20230462","Ana Laura","Herrera Bustamante",,"7","REGULAR","2023","8/12/2025 21,56,50"
"463","20200463","Victoria Alberto","Sanchez Velarde",,"4","REGULAR","2020","8/12/2025 21,56,50"
"464","20200464","Ana Javier","Ruiz Miranda",,"1","REGULAR","2020","8/12/2025 21,56,50"
"465","20220465","Jose Cristina","Gutierrez Caceres",,"7","REGULAR","2022","8/12/2025 21,56,50"
"466","20230466","Fernanda Francisco","Navarro Salazar",,"2","REGULAR","2023","8/12/2025 21,56,50"
"467","20200467","Camila Cristina","Ramos Palacios",,"10","REGULAR","2020","8/12/2025 21,56,50"
"468","20230468","Gabriela Adrian","Sanchez Bustamante",,"4","REGULAR","2023","8/12/2025 21,56,50"
"469","20240469","David Isabel","Gutierrez Bustamante",,"4","REGULAR","2024","8/12/2025 21,56,50"
"470","20240470","Miguel Patricia","Garcia Cordova",,"9","REGULAR","2024","8/12/2025 21,56,50"
"471","20210471","Maria Ricardo","Espinoza Miranda",,"8","REGULAR","2021","8/12/2025 21,56,50"
"472","20210472","Carlos Sara","Silva Salazar",,"10","REGULAR","2021","8/12/2025 21,56,50"
"473","20240473","Valentina Francisco","Espinoza Cardenas",,"10","REGULAR","2024","8/12/2025 21,56,50"
"474","20230474","Miguel Roberto","Castillo Salazar",,"2","REGULAR","2023","8/12/2025 21,56,50"
"475","20210475","David Roberto","Cabrera Hidalgo",,"4","REGULAR","2021","8/12/2025 21,56,50"
"476","20200476","Luis Javier","Gutierrez Cordova",,"5","REGULAR","2020","8/12/2025 21,56,50"
"477","20230477","Gabriela Cristina","Espinoza Miranda",,"2","REGULAR","2023","8/12/2025 21,56,50"
"478","20200478","Valeria Rosa","Espinoza Campos",,"10","REGULAR","2020","8/12/2025 21,56,50"
"479","20220479","Paula Javier","Fernandez Mora",,"3","REGULAR","2022","8/12/2025 21,56,50"
"480","20240480","Victoria Isabel","Vargas Nieto",,"9","REGULAR","2024","8/12/2025 21,56,50"
"481","20220481","Sofia Ricardo","Garcia Salas",,"1","REGULAR","2022","8/12/2025 21,56,50"
"482","20200482","Paula Sara","Cabrera Cruz",,"4","REGULAR","2020","8/12/2025 21,56,50"
"483","20230483","Andrea Manuel","Navarro Vega",,"8","REGULAR","2023","8/12/2025 21,56,50"
"484","20240484","Paula Laura","Flores Arroyo",,"9","REGULAR","2024","8/12/2025 21,56,50"
"485","20210485","Gabriela Fernando","Gutierrez Montoya",,"1","REGULAR","2021","8/12/2025 21,56,50"
"486","20200486","Andrea Antonio","Gutierrez Ochoa",,"7","REGULAR","2020","8/12/2025 21,56,50"
"487","20210487","Miguel Laura","Flores Cruz",,"7","REGULAR","2021","8/12/2025 21,56,50"
"488","20200488","Ana Eduardo","Romero Velarde",,"7","REGULAR","2020","8/12/2025 21,56,50"
"489","20230489","Andrea Marta","Romero Aguilar",,"10","REGULAR","2023","8/12/2025 21,56,50"
"490","20210490","Miguel Ricardo","Diaz Montoya",,"6","REGULAR","2021","8/12/2025 21,56,50"
"491","20240491","Daniela Carmen","Quispe Fuentes",,"9","REGULAR","2024","8/12/2025 21,56,50"
"492","20200492","Sebastian Francisco","Ramos Caceres",,"2","REGULAR","2020","8/12/2025 21,56,50"
"493","20230493","Fernanda Ricardo","Sanchez Montoya",,"7","REGULAR","2023","8/12/2025 21,56,50"
"494","20210494","Gabriela Isabel","Herrera Vega",,"10","REGULAR","2021","8/12/2025 21,56,50"
"495","20220495","Alejandro Marta","Castillo Leon",,"3","REGULAR","2022","8/12/2025 21,56,50"
"496","20200496","Paula Rosa","Herrera Aguilar",,"5","REGULAR","2020","8/12/2025 21,56,50"
"497","20240497","Andrea Isabel","Rojas Valdivia",,"9","REGULAR","2024","8/12/2025 21,56,50"
"498","20240498","Victoria Cristina","Cabrera Velarde",,"2","REGULAR","2024","8/12/2025 21,56,50"
"499","20210499","Valentina Patricia","Mamani De la Cruz",,"3","REGULAR","2021","8/12/2025 21,56,50"
"500","20230500","Maria Adrian","Castillo Arroyo",,"10","REGULAR","2023","8/12/2025 21,56,50"
"501","20210501","Andrea Beatriz","Fernandez Palacios",,"5","REGULAR","2021","8/12/2025 21,56,51"
"502","20220502","Carlos Roberto","Quispe Palacios",,"4","REGULAR","2022","8/12/2025 21,56,51"
"503","20240503","Diego Manuel","Navarro Campos",,"7","REGULAR","2024","8/12/2025 21,56,51"
"504","20200504","Alejandro Laura","Navarro Leon",,"8","REGULAR","2020","8/12/2025 21,56,51"
"505","20200505","Gabriel Francisco","Flores Leon",,"8","REGULAR","2020","8/12/2025 21,56,51"
"506","20230506","Maria Marta","Perez Leon",,"8","REGULAR","2023","8/12/2025 21,56,51"
"507","20240507","Elena Carmen","Navarro Paredes",,"6","REGULAR","2024","8/12/2025 21,56,51"
"508","20230508","Juan Lorena","Lopez Bustamante",,"10","REGULAR","2023","8/12/2025 21,56,51"
"509","20220509","Ana Adrian","Rojas De la Cruz",,"10","REGULAR","2022","8/12/2025 21,56,51"
"510","20220510","Lucas Manuel","Rojas Leon",,"6","REGULAR","2022","8/12/2025 21,56,51"
"511","20210511","Daniela Manuel","Castillo Arroyo",,"3","REGULAR","2021","8/12/2025 21,56,51"
"512","20230512","Diego Sara","Castillo Vilchez",,"8","REGULAR","2023","8/12/2025 21,56,51"
"513","20200513","Luis Marta","Castillo Paredes",,"2","REGULAR","2020","8/12/2025 21,56,51"
"514","20200514","Andrea Manuel","Cabrera De la Cruz",,"10","REGULAR","2020","8/12/2025 21,56,51"
"515","20200515","Miguel Alberto","Lopez Vilchez",,"7","REGULAR","2020","8/12/2025 21,56,51"
"516","20240516","Ximena Adrian","Romero Caceres",,"6","REGULAR","2024","8/12/2025 21,56,51"
"517","20210517","Ximena Patricia","Huaman Salas",,"6","REGULAR","2021","8/12/2025 21,56,51"
"518","20240518","Victoria Francisco","Fernandez Bustamante",,"5","REGULAR","2024","8/12/2025 21,56,51"
"519","20220519","Paula Cristina","Huaman Ochoa",,"1","REGULAR","2022","8/12/2025 21,56,51"
"520","20230520","Paula Antonio","Garcia Caceres",,"2","REGULAR","2023","8/12/2025 21,56,51"
"521","20200521","Andrea Eduardo","Rodriguez Fuentes",,"4","REGULAR","2020","8/12/2025 21,56,51"
"522","20210522","Luis Eduardo","Aliaga Vilchez",,"8","REGULAR","2021","8/12/2025 21,56,51"
"523","20230523","Ana Lorena","Gutierrez Figueroa",,"4","REGULAR","2023","8/12/2025 21,56,51"
"524","20230524","Jose Antonio","Ramos Salazar",,"6","REGULAR","2023","8/12/2025 21,56,51"
"525","20210525","Sofia Cristina","Espinoza Campos",,"7","REGULAR","2021","8/12/2025 21,56,51"
"526","20220526","Luis Laura","Romero Ochoa",,"8","REGULAR","2022","8/12/2025 21,56,51"
"527","20220527","Maria Ricardo","Mendoza Salazar",,"3","REGULAR","2022","8/12/2025 21,56,51"
"528","20240528","Paula Javier","Ruiz Cruz",,"5","REGULAR","2024","8/12/2025 21,56,51"
"529","20200529","Jose Marta","Gutierrez Palacios",,"1","REGULAR","2020","8/12/2025 21,56,51"
"530","20210530","Andrea Rosa","Rodriguez Nieto",,"2","REGULAR","2021","8/12/2025 21,56,51"
"531","20230531","Juan Eduardo","Navarro Nieto",,"5","REGULAR","2023","8/12/2025 21,56,51"
"532","20200532","Elena Ricardo","Huaman Bravo",,"10","REGULAR","2020","8/12/2025 21,56,51"
"533","20210533","Lucas Carmen","Navarro Leon",,"7","REGULAR","2021","8/12/2025 21,56,51"
"534","20200534","Matias Rosa","Romero Mora",,"3","REGULAR","2020","8/12/2025 21,56,51"
"535","20240535","Lucia Roberto","Romero Salas",,"7","REGULAR","2024","8/12/2025 21,56,51"
"536","20220536","Ana Francisco","Diaz Figueroa",,"7","REGULAR","2022","8/12/2025 21,56,51"
"537","20230537","Maria Laura","Chavez Cruz",,"8","REGULAR","2023","8/12/2025 21,56,51"
"538","20240538","Sebastian Ricardo","Perez Mora",,"7","REGULAR","2024","8/12/2025 21,56,51"
"539","20200539","Gabriela Lorena","Diaz Campos",,"10","REGULAR","2020","8/12/2025 21,56,51"
"540","20220540","Camila Adrian","Vargas Velarde",,"6","REGULAR","2022","8/12/2025 21,56,51"
"541","20240541","Gabriel Rosa","Romero Ochoa",,"1","REGULAR","2024","8/12/2025 21,56,51"
"542","20240542","Lucia Patricia","Ruiz Arroyo",,"4","REGULAR","2024","8/12/2025 21,56,51"
"543","20210543","Miguel Marta","Perez Aguilar",,"10","REGULAR","2021","8/12/2025 21,56,51"
"544","20210544","Paula Roberto","Mamani Montoya",,"1","REGULAR","2021","8/12/2025 21,56,51"
"545","20200545","Valeria Adrian","Huaman Carrasco",,"4","REGULAR","2020","8/12/2025 21,56,51"
"546","20210546","Miguel Beatriz","Ramos Hidalgo",,"2","REGULAR","2021","8/12/2025 21,56,51"
"547","20210547","Matias Beatriz","Aliaga Cornejo",,"7","REGULAR","2021","8/12/2025 21,56,51"
"548","20240548","Andrea Rosa","Mamani Arroyo",,"10","REGULAR","2024","8/12/2025 21,56,51"
"549","20240549","Lucia Laura","Ruiz Mora",,"6","REGULAR","2024","8/12/2025 21,56,51"
"550","20230550","Daniela Lorena","Garcia Miranda",,"7","REGULAR","2023","8/12/2025 21,56,51"
"551","20210551","David Adrian","Herrera Valdivia",,"7","REGULAR","2021","8/12/2025 21,56,51"
"552","20200552","Sebastian Marta","Cabrera Figueroa",,"8","REGULAR","2020","8/12/2025 21,56,51"
"553","20200553","Jose Marta","Gomez Figueroa",,"4","REGULAR","2020","8/12/2025 21,56,51"
"554","20210554","Diego Roberto","Huaman Salazar",,"8","REGULAR","2021","8/12/2025 21,56,51"
"555","20230555","Lucia Ricardo","Fernandez Miranda",,"6","REGULAR","2023","8/12/2025 21,56,51"
"556","20230556","Valeria Eduardo","Chavez De la Cruz",,"7","REGULAR","2023","8/12/2025 21,56,51"
"557","20220557","Gabriel Eduardo","Huaman Palacios",,"8","REGULAR","2022","8/12/2025 21,56,51"
"558","20210558","Daniela Lorena","Flores Cardenas",,"2","REGULAR","2021","8/12/2025 21,56,51"
"559","20230559","Camila Beatriz","Ramos Figueroa",,"2","REGULAR","2023","8/12/2025 21,56,51"
"560","20230560","Gabriel Antonio","Navarro Arroyo",,"10","REGULAR","2023","8/12/2025 21,56,51"
"561","20230561","Elena Ricardo","Silva Palacios",,"1","REGULAR","2023","8/12/2025 21,56,51"
"562","20200562","Maria Manuel","Quispe Miranda",,"4","REGULAR","2020","8/12/2025 21,56,51"
"563","20210563","Carlos Laura","Gomez Lozano",,"1","REGULAR","2021","8/12/2025 21,56,51"
"564","20220564","Lucia Patricia","Silva Cruz",,"5","REGULAR","2022","8/12/2025 21,56,51"
"565","20220565","Victoria Cristina","Herrera Salas",,"7","REGULAR","2022","8/12/2025 21,56,51"
"566","20210566","Paula Isabel","Navarro Cornejo",,"3","REGULAR","2021","8/12/2025 21,56,51"
"567","20230567","Gabriel Cristina","Rojas Cruz",,"3","REGULAR","2023","8/12/2025 21,56,51"
"568","20210568","Andrea Patricia","Mamani De la Cruz",,"6","REGULAR","2021","8/12/2025 21,56,51"
"569","20210569","Ana Lorena","Castillo Aguilar",,"1","REGULAR","2021","8/12/2025 21,56,51"
"570","20220570","Ximena Cristina","Quispe Cordova",,"2","REGULAR","2022","8/12/2025 21,56,51"
"571","20240571","Maria Fernando","Sanchez Hidalgo",,"5","REGULAR","2024","8/12/2025 21,56,51"
"572","20200572","Matias Alberto","Ruiz Cardenas",,"2","REGULAR","2020","8/12/2025 21,56,51"
"573","20220573","Elena Manuel","Mamani Campos",,"4","REGULAR","2022","8/12/2025 21,56,51"
"574","20210574","Ana Marta","Gutierrez Cornejo",,"6","REGULAR","2021","8/12/2025 21,56,51"
"575","20240575","Paula Antonio","Rojas Ochoa",,"4","REGULAR","2024","8/12/2025 21,56,51"
"576","20240576","Alejandro Eduardo","Herrera Arroyo",,"7","REGULAR","2024","8/12/2025 21,56,51"
"577","20200577","Lucas Cristina","Sanchez Salas",,"10","REGULAR","2020","8/12/2025 21,56,51"
"578","20210578","Carlos Rosa","Ruiz Montoya",,"6","REGULAR","2021","8/12/2025 21,56,51"
"579","20240579","Alejandro Isabel","Chavez Nieto",,"9","REGULAR","2024","8/12/2025 21,56,52"
"580","20210580","Diego Rosa","Espinoza Leon",,"1","REGULAR","2021","8/12/2025 21,56,52"
"581","20220581","Daniela Fernando","Torres Cordova",,"6","REGULAR","2022","8/12/2025 21,56,52"
"582","20210582","Valeria Cristina","Cabrera Leon",,"1","REGULAR","2021","8/12/2025 21,56,52"
"583","20240583","Lucas Eduardo","Espinoza Vilchez",,"6","REGULAR","2024","8/12/2025 21,56,52"
"584","20230584","Fernanda Francisco","Rodriguez Arroyo",,"5","REGULAR","2023","8/12/2025 21,56,52"
"585","20240585","Carlos Carmen","Chavez Caceres",,"7","REGULAR","2024","8/12/2025 21,56,52"
"586","20200586","Juan Lorena","Herrera Paredes",,"9","REGULAR","2020","8/12/2025 21,56,52"
"587","20230587","Lucia Isabel","Perez Montoya",,"9","REGULAR","2023","8/12/2025 21,56,52"
"588","20200588","Jose Beatriz","Huaman Velarde",,"6","REGULAR","2020","8/12/2025 21,56,52"
"589","20230589","Jesus Cristina","Diaz De la Cruz",,"8","REGULAR","2023","8/12/2025 21,56,52"
"590","20240590","Andrea Fernando","Navarro Cardenas",,"8","REGULAR","2024","8/12/2025 21,56,52"
"591","20210591","Lucas Patricia","Aliaga Mora",,"3","REGULAR","2021","8/12/2025 21,56,52"
"592","20230592","Elena Javier","Torres De la Cruz",,"1","REGULAR","2023","8/12/2025 21,56,52"
"593","20210593","Elena Eduardo","Flores Vega",,"6","REGULAR","2021","8/12/2025 21,56,52"
"594","20220594","David Isabel","Fernandez Vilchez",,"8","REGULAR","2022","8/12/2025 21,56,52"
"595","20240595","Paula Isabel","Flores Cardenas",,"10","REGULAR","2024","8/12/2025 21,56,52"
"596","20240596","Daniela Sara","Ruiz Paredes",,"2","REGULAR","2024","8/12/2025 21,56,52"
"597","20230597","Jorge Javier","Torres Velarde",,"1","REGULAR","2023","8/12/2025 21,56,52"
"598","20230598","Elena Roberto","Aliaga Mora",,"3","REGULAR","2023","8/12/2025 21,56,52"
"599","20210599","Daniela Beatriz","Chavez Vega",,"7","REGULAR","2021","8/12/2025 21,56,52"
"600","20240600","Matias Marta","Ramos Carrasco",,"3","REGULAR","2024","8/12/2025 21,56,52"
