"id","alumno_id","procedencia","tipo_vivienda","tiene_beca_comedor","nivel_riesgo_social","trabaja_actualmente"
"1","1","PROVINCIA","RESIDENCIA_UNALM","1","ALTO","1"
"2","2","LIMA","CASA_FAMILIAR","0","ALTO","1"
"3","3","LIMA","CASA_PADRES","0","BAJO","0"
"4","4","LIMA","CASA_PADRES","0","MEDIO","0"
"5","5","LIMA","CASA_PADRES","0","MEDIO","0"
"6","6","LIMA","CASA_PADRES","0","MEDIO","0"
"7","7","LIMA","CUARTO_ALQUILADO","0","ALTO","1"
"8","8","LIMA","CASA_PADRES","0","MEDIO","0"
"9","9","LIMA","CASA_PADRES","0","MEDIO","1"
"10","10","PROVINCIA","RESIDENCIA_UNALM","1","ALTO","1"
"11","11","PROVINCIA","CASA_PADRES","0","MEDIO","1"
"12","12","LIMA","CASA_PADRES","0","BAJO","0"
"13","13","PROVINCIA","RESIDENCIA_UNALM","1","ALTO","1"
"14","14","PROVINCIA","RESIDENCIA_UNALM","1","ALTO","1"
"15","15","LIMA","CASA_PADRES","0","BAJO","1"
"16","16","LIMA","CASA_PADRES","0","BAJO","0"
"17","17","LIMA","CASA_PADRES","0","MEDIO","0"
"18","18","PROVINCIA","CASA_PADRES","0","BAJO","1"
"19","19","PROVINCIA","CASA_PADRES","0","MEDIO","0"
"20","20","LIMA","CASA_PADRES","0","BAJO","1"
"21","21","PROVINCIA","CASA_PADRES","0","BAJO","0"
"22","22","LIMA","CASA_PADRES","0","BAJO","0"
"23","23","LIMA","DEPARTAMENTO_COMPARTIDO","0","ALTO","1"
"24","24","PROVINCIA","RESIDENCIA_UNALM","1","ALTO","1"
"25","25","LIMA","CUARTO_ALQUILADO","0","ALTO","1"
"26","26","LIMA","CASA_PADRES","0","MEDIO","0"
"27","27","PROVINCIA","RESIDENCIA_UNALM","1","ALTO","1"
"28","28","LIMA","CASA_PADRES","0","BAJO","0"
"29","29","LIMA","DEPARTAMENTO_COMPARTIDO","0","ALTO","1"
"30","30","LIMA","CASA_PADRES","0","MEDIO","0"
"31","31","PROVINCIA","CASA_PADRES","0","MEDIO","0"
"32","32","PROVINCIA","RESIDENCIA_UNALM","1","ALTO","1"
"33","33","LIMA","CASA_PADRES","0","MEDIO","1"
"34","34","PROVINCIA","CASA_PADRES","0","BAJO","0"
"35","35","PROVINCIA","RESIDENCIA_UNALM","1","ALTO","1"
"36","36","LIMA","CASA_PADRES","0","BAJO","0"
"37","37","PROVINCIA","CASA_PADRES","0","MEDIO","0"
"38","38","LIMA","CASA_PADRES","0","BAJO","0"
"39","39","LIMA","CASA_PADRES","0","MEDIO","1"
"40","40","LIMA","CASA_PADRES","0","BAJO","0"
"41","41","PROVINCIA","RESIDENCIA_UNALM","1","ALTO","1"
"42","42","PROVINCIA","CASA_PADRES","0","BAJO","0"
"43","43","LIMA","DEPARTAMENTO_COMPARTIDO","0","ALTO","1"
"44","44","PROVINCIA","RESIDENCIA_UNALM","1","ALTO","1"
"45","45","LIMA","CASA_PADRES","0","MEDIO","1"
"46","46","LIMA","CASA_PADRES","0","MEDIO","0"
"47","47","LIMA","CASA_FAMILIAR","0","ALTO","1"
"48","48","PROVINCIA","RESIDENCIA_UNALM","1","ALTO","1"
"49","49","PROVINCIA","CASA_PADRES","0","MEDIO","0"
"50","50","LIMA","CASA_PADRES","0","MEDIO","1"
"51","51","LIMA","CASA_PADRES","0","MEDIO","0"
"52","52","PROVINCIA","CASA_PADRES","0","BAJO","0"
"53","53","PROVINCIA","CASA_PADRES","0","MEDIO","0"
"54","54","LIMA","DEPARTAMENTO_COMPARTIDO","0","ALTO","1"
"55","55","LIMA","CASA_PADRES","0","BAJO","0"
"56","56","PROVINCIA","CASA_PADRES","0","BAJO","0"
"57","57","LIMA","DEPARTAMENTO_COMPARTIDO","0","ALTO","1"
"58","58","LIMA","CASA_PADRES","0","BAJO","1"
"59","59","PROVINCIA","RESIDENCIA_UNALM","1","ALTO","1"
"60","60","PROVINCIA","RESIDENCIA_UNALM","1","ALTO","1"
"61","61","LIMA","CASA_PADRES","0","BAJO","0"
"62","62","LIMA","DEPARTAMENTO_COMPARTIDO","0","ALTO","1"
"63","63","PROVINCIA","RESIDENCIA_UNALM","1","ALTO","1"
"64","64","LIMA","CASA_PADRES","0","BAJO","1"
"65","65","PROVINCIA","RESIDENCIA_UNALM","1","ALTO","1"
"66","66","PROVINCIA","RESIDENCIA_UNALM","1","ALTO","1"
"67","67","PROVINCIA","CASA_PADRES","0","BAJO","0"
"68","68","LIMA","CASA_PADRES","0","MEDIO","0"
"69","69","PROVINCIA","RESIDENCIA_UNALM","1","ALTO","1"
"70","70","LIMA","CASA_PADRES","0","MEDIO","0"
"71","71","LIMA","CASA_PADRES","0","MEDIO","0"
"72","72","LIMA","CASA_PADRES","0","MEDIO","0"
"73","73","LIMA","CASA_PADRES","0","BAJO","0"
"74","74","PROVINCIA","CASA_PADRES","0","BAJO","0"
"75","75","LIMA","CASA_PADRES","0","BAJO","0"
"76","76","LIMA","CASA_PADRES","0","MEDIO","1"
"77","77","PROVINCIA","RESIDENCIA_UNALM","1","ALTO","1"
"78","78","LIMA","CASA_PADRES","0","BAJO","0"
"79","79","PROVINCIA","CASA_PADRES","0","BAJO","1"
"80","80","LIMA","CASA_PADRES","0","MEDIO","0"
"81","81","PROVINCIA","RESIDENCIA_UNALM","1","ALTO","1"
"82","82","LIMA","CASA_PADRES","0","MEDIO","1"
"83","83","LIMA","CASA_PADRES","0","MEDIO","1"
"84","84","PROVINCIA","CASA_PADRES","0","BAJO","0"
"85","85","LIMA","CASA_PADRES","0","BAJO","1"
"86","86","LIMA","CASA_PADRES","0","MEDIO","0"
"87","87","LIMA","CASA_PADRES","0","MEDIO","0"
"88","88","LIMA","CASA_PADRES","0","BAJO","0"
"89","89","LIMA","CASA_PADRES","0","BAJO","0"
"90","90","LIMA","CUARTO_ALQUILADO","0","ALTO","1"
"91","91","PROVINCIA","RESIDENCIA_UNALM","1","ALTO","1"
"92","92","LIMA","CASA_PADRES","0","BAJO","0"
"93","93","PROVINCIA","RESIDENCIA_UNALM","1","ALTO","1"
"94","94","LIMA","DEPARTAMENTO_COMPARTIDO","0","ALTO","1"
"95","95","PROVINCIA","RESIDENCIA_UNALM","1","ALTO","1"
"96","96","LIMA","CASA_PADRES","0","MEDIO","1"
"97","97","PROVINCIA","CASA_PADRES","0","BAJO","1"
"98","98","PROVINCIA","CASA_PADRES","0","BAJO","1"
"99","99","LIMA","CASA_PADRES","0","MEDIO","0"
"100","100","PROVINCIA","CASA_PADRES","0","MEDIO","0"
"101","101","LIMA","CASA_PADRES","0","MEDIO","0"
"102","102","LIMA","DEPARTAMENTO_COMPARTIDO","0","ALTO","1"
"103","103","PROVINCIA","CASA_PADRES","0","MEDIO","1"
"104","104","PROVINCIA","CASA_PADRES","0","BAJO","0"
"105","105","LIMA","CASA_PADRES","0","BAJO","0"
"106","106","PROVINCIA","CASA_PADRES","0","MEDIO","0"
"107","107","LIMA","CASA_PADRES","0","BAJO","0"
"108","108","LIMA","CASA_PADRES","0","BAJO","0"
"109","109","LIMA","CASA_PADRES","0","MEDIO","0"
"110","110","PROVINCIA","CASA_PADRES","0","MEDIO","0"
"111","111","PROVINCIA","RESIDENCIA_UNALM","1","ALTO","1"
"112","112","LIMA","CASA_PADRES","0","MEDIO","0"
"113","113","LIMA","CASA_PADRES","0","BAJO","1"
"114","114","LIMA","CASA_PADRES","0","MEDIO","0"
"115","115","LIMA","DEPARTAMENTO_COMPARTIDO","0","ALTO","1"
"116","116","LIMA","CASA_PADRES","0","MEDIO","1"
"117","117","LIMA","CASA_PADRES","0","MEDIO","0"
"118","118","PROVINCIA","CASA_PADRES","0","MEDIO","0"
"119","119","LIMA","CASA_PADRES","0","MEDIO","0"
"120","120","PROVINCIA","CASA_PADRES","0","BAJO","0"
"121","121","PROVINCIA","CASA_PADRES","0","MEDIO","0"
"122","122","PROVINCIA","CASA_PADRES","0","BAJO","0"
"123","123","PROVINCIA","CASA_PADRES","0","BAJO","0"
"124","124","LIMA","CASA_PADRES","0","MEDIO","0"
"125","125","LIMA","CASA_PADRES","0","MEDIO","0"
"126","126","LIMA","CASA_PADRES","0","MEDIO","0"
"127","127","LIMA","CASA_PADRES","0","MEDIO","0"
"128","128","LIMA","CASA_PADRES","0","MEDIO","0"
"129","129","LIMA","CASA_PADRES","0","MEDIO","0"
"130","130","LIMA","DEPARTAMENTO_COMPARTIDO","0","ALTO","1"
"131","131","LIMA","CASA_PADRES","0","MEDIO","1"
"132","132","LIMA","CASA_PADRES","0","BAJO","1"
"133","133","PROVINCIA","RESIDENCIA_UNALM","1","ALTO","1"
"134","134","LIMA","CASA_PADRES","0","BAJO","0"
"135","135","LIMA","CASA_PADRES","0","MEDIO","1"
"136","136","LIMA","CASA_PADRES","0","BAJO","0"
"137","137","PROVINCIA","CASA_PADRES","0","MEDIO","0"
"138","138","LIMA","CASA_PADRES","0","MEDIO","0"
"139","139","PROVINCIA","RESIDENCIA_UNALM","1","ALTO","1"
"140","140","LIMA","CASA_PADRES","0","BAJO","0"
"141","141","PROVINCIA","CASA_PADRES","0","BAJO","0"
"142","142","LIMA","CASA_PADRES","0","MEDIO","0"
"143","143","LIMA","CASA_PADRES","0","BAJO","0"
"144","144","LIMA","CUARTO_ALQUILADO","0","ALTO","1"
"145","145","LIMA","CASA_PADRES","0","BAJO","0"
"146","146","PROVINCIA","RESIDENCIA_UNALM","1","ALTO","1"
"147","147","LIMA","CASA_PADRES","0","BAJO","0"
"148","148","LIMA","CASA_PADRES","0","BAJO","0"
"149","149","LIMA","CASA_PADRES","0","MEDIO","0"
"150","150","LIMA","CASA_PADRES","0","MEDIO","0"
"151","151","PROVINCIA","RESIDENCIA_UNALM","1","ALTO","1"
"152","152","LIMA","CASA_PADRES","0","BAJO","0"
"153","153","LIMA","CASA_PADRES","0","BAJO","0"
"154","154","PROVINCIA","CASA_PADRES","0","MEDIO","0"
"155","155","LIMA","CASA_PADRES","0","MEDIO","0"
"156","156","LIMA","CASA_PADRES","0","MEDIO","1"
"157","157","PROVINCIA","CASA_PADRES","0","MEDIO","0"
"158","158","PROVINCIA","CASA_PADRES","0","MEDIO","0"
"159","159","LIMA","CASA_PADRES","0","MEDIO","0"
"160","160","PROVINCIA","CASA_PADRES","0","MEDIO","1"
"161","161","LIMA","CASA_PADRES","0","MEDIO","0"
"162","162","LIMA","CASA_PADRES","0","BAJO","0"
"163","163","LIMA","CASA_PADRES","0","MEDIO","0"
"164","164","LIMA","CASA_PADRES","0","BAJO","0"
"165","165","PROVINCIA","RESIDENCIA_UNALM","1","ALTO","1"
"166","166","PROVINCIA","CASA_PADRES","0","MEDIO","0"
"167","167","LIMA","CASA_PADRES","0","BAJO","0"
"168","168","PROVINCIA","CASA_PADRES","0","MEDIO","0"
"169","169","LIMA","CASA_PADRES","0","BAJO","0"
"170","170","LIMA","CASA_PADRES","0","BAJO","0"
"171","171","LIMA","CASA_PADRES","0","MEDIO","0"
"172","172","LIMA","CASA_PADRES","0","BAJO","1"
"173","173","LIMA","CASA_PADRES","0","MEDIO","0"
"174","174","LIMA","CASA_PADRES","0","BAJO","0"
"175","175","LIMA","CASA_PADRES","0","BAJO","1"
"176","176","PROVINCIA","CASA_PADRES","0","MEDIO","0"
"177","177","LIMA","CASA_PADRES","0","MEDIO","0"
"178","178","PROVINCIA","CASA_PADRES","0","BAJO","1"
"179","179","PROVINCIA","CASA_PADRES","0","MEDIO","0"
"180","180","LIMA","CUARTO_ALQUILADO","0","ALTO","1"
"181","181","LIMA","CASA_PADRES","0","MEDIO","0"
"182","182","PROVINCIA","CASA_PADRES","0","BAJO","0"
"183","183","LIMA","CASA_PADRES","0","MEDIO","1"
"184","184","LIMA","CASA_PADRES","0","BAJO","1"
"185","185","LIMA","CASA_PADRES","0","BAJO","1"
"186","186","PROVINCIA","CASA_PADRES","0","BAJO","0"
"187","187","LIMA","CASA_PADRES","0","MEDIO","0"
"188","188","PROVINCIA","RESIDENCIA_UNALM","1","ALTO","1"
"189","189","PROVINCIA","RESIDENCIA_UNALM","1","ALTO","1"
"190","190","PROVINCIA","CASA_PADRES","0","BAJO","0"
"191","191","PROVINCIA","RESIDENCIA_UNALM","1","ALTO","1"
"192","192","PROVINCIA","CASA_PADRES","0","BAJO","0"
"193","193","PROVINCIA","CASA_PADRES","0","MEDIO","0"
"194","194","LIMA","CASA_PADRES","0","MEDIO","0"
"195","195","LIMA","CASA_PADRES","0","MEDIO","1"
"196","196","LIMA","CASA_PADRES","0","BAJO","0"
"197","197","PROVINCIA","RESIDENCIA_UNALM","1","ALTO","1"
"198","198","PROVINCIA","RESIDENCIA_UNALM","1","ALTO","1"
"199","199","LIMA","CASA_PADRES","0","BAJO","0"
"200","200","PROVINCIA","CASA_PADRES","0","MEDIO","0"
"201","201","LIMA","CUARTO_ALQUILADO","0","ALTO","1"
"202","202","LIMA","CASA_PADRES","0","BAJO","0"
"203","203","LIMA","CASA_PADRES","0","MEDIO","0"
"204","204","PROVINCIA","CASA_PADRES","0","BAJO","0"
"205","205","LIMA","CASA_PADRES","0","BAJO","0"
"206","206","PROVINCIA","CASA_PADRES","0","BAJO","0"
"207","207","LIMA","CASA_PADRES","0","BAJO","0"
"208","208","PROVINCIA","CASA_PADRES","0","MEDIO","0"
"209","209","LIMA","CASA_PADRES","0","BAJO","0"
"210","210","LIMA","CASA_PADRES","0","MEDIO","1"
"211","211","LIMA","CASA_PADRES","0","BAJO","0"
"212","212","PROVINCIA","CASA_PADRES","0","BAJO","0"
"213","213","LIMA","CASA_PADRES","0","BAJO","1"
"214","214","LIMA","CASA_PADRES","0","MEDIO","0"
"215","215","LIMA","CASA_PADRES","0","BAJO","0"
"216","216","LIMA","CASA_PADRES","0","BAJO","0"
"217","217","PROVINCIA","RESIDENCIA_UNALM","1","ALTO","1"
"218","218","PROVINCIA","CASA_PADRES","0","BAJO","0"
"219","219","PROVINCIA","CASA_PADRES","0","BAJO","0"
"220","220","LIMA","CASA_PADRES","0","MEDIO","0"
"221","221","LIMA","CASA_PADRES","0","BAJO","0"
"222","222","PROVINCIA","RESIDENCIA_UNALM","1","ALTO","1"
"223","223","LIMA","CASA_PADRES","0","MEDIO","1"
"224","224","LIMA","DEPARTAMENTO_COMPARTIDO","0","ALTO","1"
"225","225","LIMA","CASA_PADRES","0","BAJO","0"
"226","226","PROVINCIA","CASA_PADRES","0","MEDIO","0"
"227","227","LIMA","CASA_PADRES","0","BAJO","0"
"228","228","LIMA","DEPARTAMENTO_COMPARTIDO","0","ALTO","1"
"229","229","LIMA","CASA_PADRES","0","MEDIO","0"
"230","230","LIMA","CASA_PADRES","0","BAJO","1"
"231","231","LIMA","CASA_PADRES","0","MEDIO","0"
"232","232","LIMA","CUARTO_ALQUILADO","0","ALTO","1"
"233","233","LIMA","CASA_PADRES","0","MEDIO","0"
"234","234","PROVINCIA","RESIDENCIA_UNALM","1","ALTO","1"
"235","235","PROVINCIA","CASA_PADRES","0","BAJO","1"
"236","236","LIMA","CASA_PADRES","0","MEDIO","1"
"237","237","LIMA","CASA_PADRES","0","MEDIO","0"
"238","238","PROVINCIA","RESIDENCIA_UNALM","1","ALTO","1"
"239","239","LIMA","CASA_PADRES","0","MEDIO","1"
"240","240","PROVINCIA","RESIDENCIA_UNALM","1","ALTO","1"
"241","241","PROVINCIA","CASA_PADRES","0","MEDIO","0"
"242","242","LIMA","CASA_PADRES","0","BAJO","0"
"243","243","LIMA","CASA_PADRES","0","BAJO","0"
"244","244","PROVINCIA","RESIDENCIA_UNALM","1","ALTO","1"
"245","245","LIMA","CASA_PADRES","0","MEDIO","0"
"246","246","PROVINCIA","CASA_PADRES","0","MEDIO","0"
"247","247","PROVINCIA","CASA_PADRES","0","MEDIO","0"
"248","248","PROVINCIA","CASA_PADRES","0","MEDIO","0"
"249","249","LIMA","CASA_PADRES","0","BAJO","0"
"250","250","PROVINCIA","CASA_PADRES","0","BAJO","0"
"251","251","LIMA","CASA_PADRES","0","MEDIO","1"
"252","252","LIMA","CASA_PADRES","0","MEDIO","1"
"253","253","LIMA","CUARTO_ALQUILADO","0","ALTO","1"
"254","254","PROVINCIA","RESIDENCIA_UNALM","1","ALTO","1"
"255","255","PROVINCIA","RESIDENCIA_UNALM","1","ALTO","1"
"256","256","LIMA","CASA_PADRES","0","BAJO","0"
"257","257","PROVINCIA","CASA_PADRES","0","MEDIO","0"
"258","258","PROVINCIA","CASA_PADRES","0","BAJO","0"
"259","259","PROVINCIA","CASA_PADRES","0","BAJO","0"
"260","260","LIMA","CASA_PADRES","0","MEDIO","0"
"261","261","LIMA","CASA_PADRES","0","BAJO","0"
"262","262","PROVINCIA","CASA_PADRES","0","MEDIO","0"
"263","263","LIMA","CASA_PADRES","0","BAJO","0"
"264","264","LIMA","DEPARTAMENTO_COMPARTIDO","0","ALTO","1"
"265","265","LIMA","CASA_PADRES","0","MEDIO","0"
"266","266","PROVINCIA","CASA_PADRES","0","MEDIO","0"
"267","267","LIMA","CASA_PADRES","0","MEDIO","0"
"268","268","PROVINCIA","CASA_PADRES","0","BAJO","0"
"269","269","LIMA","CASA_PADRES","0","BAJO","0"
"270","270","LIMA","CASA_PADRES","0","MEDIO","1"
"271","271","LIMA","CASA_PADRES","0","BAJO","0"
"272","272","PROVINCIA","RESIDENCIA_UNALM","1","ALTO","1"
"273","273","LIMA","CASA_PADRES","0","MEDIO","0"
"274","274","LIMA","CASA_PADRES","0","MEDIO","0"
"275","275","PROVINCIA","CASA_PADRES","0","MEDIO","0"
"276","276","LIMA","CASA_PADRES","0","MEDIO","0"
"277","277","PROVINCIA","RESIDENCIA_UNALM","1","ALTO","1"
"278","278","LIMA","CASA_PADRES","0","MEDIO","1"
"279","279","LIMA","CASA_PADRES","0","MEDIO","0"
"280","280","LIMA","CASA_PADRES","0","BAJO","0"
"281","281","PROVINCIA","CASA_PADRES","0","MEDIO","0"
"282","282","LIMA","CASA_PADRES","0","MEDIO","0"
"283","283","LIMA","CASA_PADRES","0","BAJO","0"
"284","284","PROVINCIA","RESIDENCIA_UNALM","1","ALTO","1"
"285","285","PROVINCIA","CASA_PADRES","0","BAJO","0"
"286","286","LIMA","CASA_PADRES","0","BAJO","0"
"287","287","LIMA","CASA_PADRES","0","BAJO","0"
"288","288","LIMA","CASA_PADRES","0","MEDIO","1"
"289","289","LIMA","DEPARTAMENTO_COMPARTIDO","0","ALTO","1"
"290","290","LIMA","CASA_PADRES","0","MEDIO","0"
"291","291","LIMA","CASA_PADRES","0","MEDIO","0"
"292","292","PROVINCIA","RESIDENCIA_UNALM","1","ALTO","1"
"293","293","PROVINCIA","RESIDENCIA_UNALM","1","ALTO","1"
"294","294","LIMA","CASA_PADRES","0","BAJO","1"
"295","295","PROVINCIA","CASA_PADRES","0","BAJO","0"
"296","296","LIMA","CUARTO_ALQUILADO","0","ALTO","1"
"297","297","LIMA","CASA_PADRES","0","BAJO","0"
"298","298","LIMA","CASA_PADRES","0","MEDIO","0"
"299","299","LIMA","CASA_PADRES","0","MEDIO","1"
"300","300","LIMA","CASA_FAMILIAR","0","ALTO","1"
"301","301","LIMA","CASA_PADRES","0","BAJO","0"
"302","302","LIMA","CASA_PADRES","0","MEDIO","0"
"303","303","LIMA","CASA_PADRES","0","BAJO","0"
"304","304","LIMA","CASA_PADRES","0","BAJO","0"
"305","305","PROVINCIA","CASA_PADRES","0","BAJO","0"
"306","306","LIMA","CASA_PADRES","0","BAJO","0"
"307","307","PROVINCIA","CASA_PADRES","0","MEDIO","1"
"308","308","PROVINCIA","CASA_PADRES","0","BAJO","0"
"309","309","LIMA","CASA_PADRES","0","MEDIO","0"
"310","310","LIMA","CASA_PADRES","0","MEDIO","0"
"311","311","LIMA","CASA_PADRES","0","BAJO","0"
"312","312","LIMA","CASA_PADRES","0","MEDIO","0"
"313","313","LIMA","CASA_PADRES","0","BAJO","0"
"314","314","LIMA","CASA_PADRES","0","MEDIO","0"
"315","315","LIMA","CUARTO_ALQUILADO","0","ALTO","1"
"316","316","LIMA","CASA_PADRES","0","MEDIO","0"
"317","317","LIMA","CASA_PADRES","0","BAJO","1"
"318","318","LIMA","CASA_PADRES","0","MEDIO","0"
"319","319","LIMA","CASA_PADRES","0","MEDIO","0"
"320","320","LIMA","CASA_PADRES","0","BAJO","1"
"321","321","PROVINCIA","RESIDENCIA_UNALM","1","ALTO","1"
"322","322","LIMA","CUARTO_ALQUILADO","0","ALTO","1"
"323","323","LIMA","CASA_PADRES","0","BAJO","0"
"324","324","LIMA","CASA_PADRES","0","BAJO","1"
"325","325","LIMA","CASA_PADRES","0","MEDIO","0"
"326","326","LIMA","CASA_PADRES","0","MEDIO","1"
"327","327","PROVINCIA","RESIDENCIA_UNALM","1","ALTO","1"
"328","328","PROVINCIA","CASA_PADRES","0","MEDIO","0"
"329","329","LIMA","CASA_PADRES","0","MEDIO","0"
"330","330","PROVINCIA","RESIDENCIA_UNALM","1","ALTO","1"
"331","331","LIMA","CASA_PADRES","0","MEDIO","1"
"332","332","PROVINCIA","CASA_PADRES","0","MEDIO","0"
"333","333","LIMA","CASA_PADRES","0","BAJO","0"
"334","334","PROVINCIA","CASA_PADRES","0","MEDIO","1"
"335","335","PROVINCIA","CASA_PADRES","0","BAJO","0"
"336","336","LIMA","CASA_PADRES","0","BAJO","0"
"337","337","PROVINCIA","CASA_PADRES","0","MEDIO","1"
"338","338","PROVINCIA","CASA_PADRES","0","MEDIO","0"
"339","339","LIMA","CASA_PADRES","0","MEDIO","0"
"340","340","LIMA","CASA_PADRES","0","MEDIO","1"
"341","341","PROVINCIA","CASA_PADRES","0","BAJO","1"
"342","342","LIMA","CASA_PADRES","0","BAJO","0"
"343","343","LIMA","DEPARTAMENTO_COMPARTIDO","0","ALTO","1"
"344","344","LIMA","CASA_PADRES","0","MEDIO","0"
"345","345","PROVINCIA","CASA_PADRES","0","BAJO","0"
"346","346","LIMA","CASA_PADRES","0","BAJO","1"
"347","347","PROVINCIA","CASA_PADRES","0","BAJO","1"
"348","348","LIMA","CASA_PADRES","0","MEDIO","0"
"349","349","LIMA","CASA_PADRES","0","BAJO","0"
"350","350","LIMA","CASA_PADRES","0","BAJO","0"
"351","351","PROVINCIA","CASA_PADRES","0","BAJO","0"
"352","352","LIMA","CASA_PADRES","0","BAJO","0"
"353","353","PROVINCIA","RESIDENCIA_UNALM","1","ALTO","1"
"354","354","PROVINCIA","CASA_PADRES","0","MEDIO","1"
"355","355","LIMA","CASA_PADRES","0","MEDIO","0"
"356","356","LIMA","CASA_PADRES","0","BAJO","0"
"357","357","PROVINCIA","CASA_PADRES","0","MEDIO","0"
"358","358","LIMA","CASA_PADRES","0","BAJO","0"
"359","359","PROVINCIA","CASA_PADRES","0","BAJO","0"
"360","360","PROVINCIA","CASA_PADRES","0","BAJO","0"
"361","361","PROVINCIA","RESIDENCIA_UNALM","1","ALTO","1"
"362","362","LIMA","CASA_PADRES","0","MEDIO","0"
"363","363","LIMA","CASA_PADRES","0","BAJO","0"
"364","364","LIMA","CASA_PADRES","0","MEDIO","0"
"365","365","PROVINCIA","RESIDENCIA_UNALM","1","ALTO","1"
"366","366","LIMA","CASA_PADRES","0","BAJO","0"
"367","367","LIMA","DEPARTAMENTO_COMPARTIDO","0","ALTO","1"
"368","368","LIMA","CASA_PADRES","0","MEDIO","0"
"369","369","PROVINCIA","RESIDENCIA_UNALM","1","ALTO","1"
"370","370","PROVINCIA","CASA_PADRES","0","BAJO","0"
"371","371","LIMA","CASA_FAMILIAR","0","ALTO","1"
"372","372","PROVINCIA","CASA_PADRES","0","MEDIO","0"
"373","373","PROVINCIA","RESIDENCIA_UNALM","1","ALTO","1"
"374","374","LIMA","CASA_PADRES","0","BAJO","0"
"375","375","PROVINCIA","CASA_PADRES","0","MEDIO","0"
"376","376","LIMA","CASA_PADRES","0","MEDIO","1"
"377","377","LIMA","CUARTO_ALQUILADO","0","ALTO","1"
"378","378","PROVINCIA","RESIDENCIA_UNALM","1","ALTO","1"
"379","379","PROVINCIA","RESIDENCIA_UNALM","1","ALTO","1"
"380","380","LIMA","CASA_FAMILIAR","0","ALTO","1"
"381","381","PROVINCIA","RESIDENCIA_UNALM","1","ALTO","1"
"382","382","LIMA","CASA_PADRES","0","BAJO","0"
"383","383","LIMA","CASA_PADRES","0","BAJO","0"
"384","384","LIMA","CASA_PADRES","0","MEDIO","0"
"385","385","LIMA","CASA_PADRES","0","MEDIO","1"
"386","386","LIMA","CASA_PADRES","0","MEDIO","0"
"387","387","PROVINCIA","CASA_PADRES","0","MEDIO","0"
"388","388","PROVINCIA","CASA_PADRES","0","BAJO","0"
"389","389","PROVINCIA","CASA_PADRES","0","MEDIO","0"
"390","390","PROVINCIA","CASA_PADRES","0","BAJO","0"
"391","391","PROVINCIA","CASA_PADRES","0","BAJO","1"
"392","392","LIMA","CASA_PADRES","0","MEDIO","0"
"393","393","LIMA","CASA_PADRES","0","BAJO","0"
"394","394","LIMA","CASA_PADRES","0","BAJO","0"
"395","395","LIMA","CASA_PADRES","0","BAJO","0"
"396","396","LIMA","CASA_PADRES","0","MEDIO","0"
"397","397","LIMA","CASA_PADRES","0","BAJO","1"
"398","398","PROVINCIA","RESIDENCIA_UNALM","1","ALTO","1"
"399","399","LIMA","CASA_FAMILIAR","0","ALTO","1"
"400","400","PROVINCIA","CASA_PADRES","0","BAJO","0"
"401","401","PROVINCIA","CASA_PADRES","0","BAJO","1"
"402","402","LIMA","CASA_PADRES","0","MEDIO","1"
"403","403","LIMA","CASA_PADRES","0","MEDIO","0"
"404","404","PROVINCIA","CASA_PADRES","0","BAJO","0"
"405","405","LIMA","CASA_PADRES","0","BAJO","1"
"406","406","PROVINCIA","CASA_PADRES","0","BAJO","0"
"407","407","LIMA","CASA_PADRES","0","MEDIO","1"
"408","408","PROVINCIA","RESIDENCIA_UNALM","1","ALTO","1"
"409","409","LIMA","CUARTO_ALQUILADO","0","ALTO","1"
"410","410","LIMA","CASA_PADRES","0","MEDIO","1"
"411","411","LIMA","CASA_PADRES","0","BAJO","0"
"412","412","LIMA","CASA_PADRES","0","MEDIO","1"
"413","413","LIMA","CASA_PADRES","0","BAJO","0"
"414","414","PROVINCIA","RESIDENCIA_UNALM","1","ALTO","1"
"415","415","LIMA","CASA_PADRES","0","MEDIO","0"
"416","416","LIMA","CASA_FAMILIAR","0","ALTO","1"
"417","417","PROVINCIA","RESIDENCIA_UNALM","1","ALTO","1"
"418","418","LIMA","CASA_PADRES","0","MEDIO","0"
"419","419","LIMA","CASA_PADRES","0","BAJO","0"
"420","420","PROVINCIA","CASA_PADRES","0","BAJO","0"
"421","421","LIMA","CASA_PADRES","0","BAJO","0"
"422","422","LIMA","CASA_PADRES","0","BAJO","1"
"423","423","PROVINCIA","CASA_PADRES","0","BAJO","0"
"424","424","PROVINCIA","RESIDENCIA_UNALM","1","ALTO","1"
"425","425","LIMA","CASA_PADRES","0","MEDIO","0"
"426","426","LIMA","DEPARTAMENTO_COMPARTIDO","0","ALTO","1"
"427","427","LIMA","CASA_PADRES","0","MEDIO","0"
"428","428","PROVINCIA","CASA_PADRES","0","MEDIO","0"
"429","429","LIMA","CASA_PADRES","0","BAJO","0"
"430","430","LIMA","CASA_PADRES","0","BAJO","0"
"431","431","PROVINCIA","CASA_PADRES","0","MEDIO","0"
"432","432","LIMA","CASA_PADRES","0","BAJO","0"
"433","433","LIMA","CASA_PADRES","0","MEDIO","1"
"434","434","LIMA","CASA_PADRES","0","BAJO","0"
"435","435","LIMA","CASA_PADRES","0","BAJO","0"
"436","436","LIMA","CASA_PADRES","0","BAJO","0"
"437","437","PROVINCIA","RESIDENCIA_UNALM","1","ALTO","1"
"438","438","PROVINCIA","CASA_PADRES","0","MEDIO","0"
"439","439","PROVINCIA","CASA_PADRES","0","BAJO","0"
"440","440","PROVINCIA","CASA_PADRES","0","MEDIO","0"
"441","441","LIMA","CASA_PADRES","0","MEDIO","1"
"442","442","LIMA","CASA_PADRES","0","MEDIO","0"
"443","443","PROVINCIA","CASA_PADRES","0","MEDIO","0"
"444","444","LIMA","CASA_PADRES","0","MEDIO","0"
"445","445","LIMA","CASA_PADRES","0","MEDIO","0"
"446","446","LIMA","CASA_PADRES","0","MEDIO","0"
"447","447","LIMA","CASA_PADRES","0","MEDIO","0"
"448","448","LIMA","CASA_PADRES","0","MEDIO","0"
"449","449","LIMA","CASA_PADRES","0","BAJO","1"
"450","450","LIMA","DEPARTAMENTO_COMPARTIDO","0","ALTO","1"
"451","451","LIMA","CASA_PADRES","0","MEDIO","1"
"452","452","PROVINCIA","RESIDENCIA_UNALM","1","ALTO","1"
"453","453","LIMA","CASA_PADRES","0","BAJO","0"
"454","454","PROVINCIA","CASA_PADRES","0","MEDIO","1"
"455","455","LIMA","CASA_PADRES","0","MEDIO","0"
"456","456","PROVINCIA","RESIDENCIA_UNALM","1","ALTO","1"
"457","457","LIMA","CASA_PADRES","0","MEDIO","0"
"458","458","LIMA","CASA_FAMILIAR","0","ALTO","1"
"459","459","LIMA","CASA_PADRES","0","MEDIO","0"
"460","460","LIMA","CASA_PADRES","0","BAJO","0"
"461","461","LIMA","DEPARTAMENTO_COMPARTIDO","0","ALTO","1"
"462","462","LIMA","CASA_PADRES","0","BAJO","0"
"463","463","PROVINCIA","CASA_PADRES","0","BAJO","0"
"464","464","PROVINCIA","RESIDENCIA_UNALM","1","ALTO","1"
"465","465","PROVINCIA","CASA_PADRES","0","BAJO","0"
"466","466","LIMA","CUARTO_ALQUILADO","0","ALTO","1"
"467","467","PROVINCIA","RESIDENCIA_UNALM","1","ALTO","1"
"468","468","LIMA","CASA_PADRES","0","MEDIO","0"
"469","469","PROVINCIA","CASA_PADRES","0","MEDIO","0"
"470","470","LIMA","CUARTO_ALQUILADO","0","ALTO","1"
"471","471","PROVINCIA","RESIDENCIA_UNALM","1","ALTO","1"
"472","472","PROVINCIA","RESIDENCIA_UNALM","1","ALTO","1"
"473","473","PROVINCIA","CASA_PADRES","0","MEDIO","1"
"474","474","PROVINCIA","CASA_PADRES","0","BAJO","0"
"475","475","LIMA","CASA_PADRES","0","MEDIO","0"
"476","476","PROVINCIA","CASA_PADRES","0","MEDIO","0"
"477","477","PROVINCIA","RESIDENCIA_UNALM","1","ALTO","1"
"478","478","PROVINCIA","CASA_PADRES","0","BAJO","0"
"479","479","LIMA","CASA_PADRES","0","MEDIO","0"
"480","480","LIMA","CASA_PADRES","0","BAJO","1"
"481","481","PROVINCIA","CASA_PADRES","0","MEDIO","0"
"482","482","LIMA","CASA_PADRES","0","BAJO","0"
"483","483","LIMA","CASA_PADRES","0","MEDIO","1"
"484","484","LIMA","CASA_PADRES","0","MEDIO","0"
"485","485","PROVINCIA","CASA_PADRES","0","MEDIO","0"
"486","486","PROVINCIA","RESIDENCIA_UNALM","1","ALTO","1"
"487","487","PROVINCIA","RESIDENCIA_UNALM","1","ALTO","1"
"488","488","PROVINCIA","CASA_PADRES","0","BAJO","0"
"489","489","PROVINCIA","CASA_PADRES","0","BAJO","0"
"490","490","LIMA","CASA_PADRES","0","MEDIO","1"
"491","491","PROVINCIA","RESIDENCIA_UNALM","1","ALTO","1"
"492","492","LIMA","CASA_FAMILIAR","0","ALTO","1"
"493","493","LIMA","CASA_PADRES","0","BAJO","0"
"494","494","LIMA","CASA_PADRES","0","MEDIO","0"
"495","495","PROVINCIA","RESIDENCIA_UNALM","1","ALTO","1"
"496","496","PROVINCIA","CASA_PADRES","0","BAJO","0"
"497","497","LIMA","CASA_PADRES","0","MEDIO","1"
"498","498","PROVINCIA","CASA_PADRES","0","BAJO","0"
"499","499","PROVINCIA","RESIDENCIA_UNALM","1","ALTO","1"
"500","500","PROVINCIA","CASA_PADRES","0","MEDIO","0"
"501","501","LIMA","CASA_PADRES","0","BAJO","1"
"502","502","LIMA","CASA_PADRES","0","MEDIO","1"
"503","503","LIMA","CASA_PADRES","0","MEDIO","0"
"504","504","LIMA","CASA_PADRES","0","BAJO","0"
"505","505","LIMA","CUARTO_ALQUILADO","0","ALTO","1"
"506","506","PROVINCIA","CASA_PADRES","0","MEDIO","0"
"507","507","PROVINCIA","RESIDENCIA_UNALM","1","ALTO","1"
"508","508","LIMA","CASA_PADRES","0","MEDIO","0"
"509","509","PROVINCIA","CASA_PADRES","0","BAJO","1"
"510","510","LIMA","CASA_PADRES","0","BAJO","0"
"511","511","LIMA","CASA_PADRES","0","BAJO","0"
"512","512","LIMA","CASA_PADRES","0","BAJO","0"
"513","513","LIMA","CASA_PADRES","0","MEDIO","0"
"514","514","PROVINCIA","CASA_PADRES","0","MEDIO","1"
"515","515","LIMA","CASA_PADRES","0","MEDIO","0"
"516","516","LIMA","CASA_PADRES","0","MEDIO","0"
"517","517","PROVINCIA","CASA_PADRES","0","MEDIO","0"
"518","518","LIMA","CASA_FAMILIAR","0","ALTO","1"
"519","519","PROVINCIA","RESIDENCIA_UNALM","1","ALTO","1"
"520","520","LIMA","CASA_PADRES","0","MEDIO","0"
"521","521","LIMA","CASA_PADRES","0","BAJO","0"
"522","522","PROVINCIA","RESIDENCIA_UNALM","1","ALTO","1"
"523","523","PROVINCIA","RESIDENCIA_UNALM","1","ALTO","1"
"524","524","LIMA","CASA_PADRES","0","MEDIO","0"
"525","525","LIMA","CASA_PADRES","0","BAJO","0"
"526","526","PROVINCIA","CASA_PADRES","0","MEDIO","0"
"527","527","LIMA","CASA_PADRES","0","BAJO","1"
"528","528","LIMA","CUARTO_ALQUILADO","0","ALTO","1"
"529","529","LIMA","CASA_PADRES","0","BAJO","0"
"530","530","PROVINCIA","CASA_PADRES","0","BAJO","0"
"531","531","LIMA","CASA_PADRES","0","MEDIO","0"
"532","532","PROVINCIA","RESIDENCIA_UNALM","1","ALTO","1"
"533","533","LIMA","CASA_PADRES","0","BAJO","0"
"534","534","PROVINCIA","RESIDENCIA_UNALM","1","ALTO","1"
"535","535","LIMA","CASA_FAMILIAR","0","ALTO","1"
"536","536","PROVINCIA","CASA_PADRES","0","BAJO","0"
"537","537","LIMA","CASA_PADRES","0","MEDIO","0"
"538","538","LIMA","CASA_PADRES","0","MEDIO","0"
"539","539","LIMA","CASA_PADRES","0","MEDIO","0"
"540","540","LIMA","CASA_PADRES","0","BAJO","0"
"541","541","LIMA","CASA_PADRES","0","BAJO","0"
"542","542","LIMA","CASA_PADRES","0","BAJO","0"
"543","543","LIMA","CASA_PADRES","0","MEDIO","1"
"544","544","LIMA","CASA_PADRES","0","MEDIO","0"
"545","545","LIMA","CASA_PADRES","0","BAJO","0"
"546","546","LIMA","CASA_PADRES","0","MEDIO","1"
"547","547","PROVINCIA","CASA_PADRES","0","BAJO","0"
"548","548","LIMA","CASA_PADRES","0","MEDIO","1"
"549","549","LIMA","CASA_PADRES","0","BAJO","1"
"550","550","PROVINCIA","CASA_PADRES","0","BAJO","1"
"551","551","PROVINCIA","CASA_PADRES","0","MEDIO","0"
"552","552","PROVINCIA","CASA_PADRES","0","BAJO","1"
"553","553","LIMA","CASA_PADRES","0","BAJO","1"
"554","554","PROVINCIA","RESIDENCIA_UNALM","1","ALTO","1"
"555","555","PROVINCIA","CASA_PADRES","0","BAJO","0"
"556","556","LIMA","DEPARTAMENTO_COMPARTIDO","0","ALTO","1"
"557","557","LIMA","CASA_PADRES","0","MEDIO","0"
"558","558","LIMA","CASA_PADRES","0","BAJO","1"
"559","559","LIMA","CASA_PADRES","0","MEDIO","1"
"560","560","LIMA","CASA_PADRES","0","MEDIO","1"
"561","561","LIMA","CASA_PADRES","0","MEDIO","0"
"562","562","PROVINCIA","RESIDENCIA_UNALM","1","ALTO","1"
"563","563","LIMA","CASA_PADRES","0","MEDIO","1"
"564","564","LIMA","CASA_PADRES","0","MEDIO","0"
"565","565","LIMA","CASA_PADRES","0","MEDIO","0"
"566","566","PROVINCIA","RESIDENCIA_UNALM","1","ALTO","1"
"567","567","LIMA","CASA_PADRES","0","BAJO","0"
"568","568","LIMA","CASA_FAMILIAR","0","ALTO","1"
"569","569","LIMA","CASA_PADRES","0","BAJO","0"
"570","570","LIMA","CASA_PADRES","0","MEDIO","0"
"571","571","LIMA","CASA_PADRES","0","MEDIO","0"
"572","572","LIMA","CASA_PADRES","0","MEDIO","0"
"573","573","LIMA","CASA_PADRES","0","MEDIO","1"
"574","574","PROVINCIA","CASA_PADRES","0","BAJO","1"
"575","575","LIMA","CASA_PADRES","0","BAJO","0"
"576","576","LIMA","CASA_PADRES","0","MEDIO","0"
"577","577","PROVINCIA","CASA_PADRES","0","MEDIO","0"
"578","578","PROVINCIA","RESIDENCIA_UNALM","1","ALTO","1"
"579","579","PROVINCIA","RESIDENCIA_UNALM","1","ALTO","1"
"580","580","PROVINCIA","RESIDENCIA_UNALM","1","ALTO","1"
"581","581","LIMA","CASA_PADRES","0","BAJO","0"
"582","582","LIMA","CASA_PADRES","0","BAJO","0"
"583","583","PROVINCIA","CASA_PADRES","0","MEDIO","0"
"584","584","PROVINCIA","CASA_PADRES","0","MEDIO","0"
"585","585","LIMA","CASA_PADRES","0","BAJO","1"
"586","586","PROVINCIA","RESIDENCIA_UNALM","1","ALTO","1"
"587","587","LIMA","CASA_FAMILIAR","0","ALTO","1"
"588","588","LIMA","CASA_PADRES","0","MEDIO","0"
"589","589","LIMA","CASA_PADRES","0","MEDIO","0"
"590","590","PROVINCIA","CASA_PADRES","0","BAJO","0"
"591","591","PROVINCIA","RESIDENCIA_UNALM","1","ALTO","1"
"592","592","LIMA","CASA_PADRES","0","MEDIO","1"
"593","593","LIMA","CASA_PADRES","0","MEDIO","1"
"594","594","LIMA","CASA_PADRES","0","BAJO","0"
"595","595","PROVINCIA","CASA_PADRES","0","MEDIO","0"
"596","596","PROVINCIA","CASA_PADRES","0","BAJO","0"
"597","597","PROVINCIA","RESIDENCIA_UNALM","1","ALTO","1"
"598","598","LIMA","CASA_PADRES","0","BAJO","0"
"599","599","LIMA","CASA_PADRES","0","BAJO","0"
"600","600","LIMA","CUARTO_ALQUILADO","0","ALTO","1"
